Year,mean,n,Population,Region
1960,NA,NA,Aniak,Kuskokwim
1961,NA,NA,Aniak,Kuskokwim
1962,NA,NA,Aniak,Kuskokwim
1963,NA,NA,Aniak,Kuskokwim
1964,NA,NA,Aniak,Kuskokwim
1965,NA,NA,Aniak,Kuskokwim
1966,NA,NA,Aniak,Kuskokwim
1967,NA,NA,Aniak,Kuskokwim
1968,NA,NA,Aniak,Kuskokwim
1969,NA,NA,Aniak,Kuskokwim
1970,NA,NA,Aniak,Kuskokwim
1971,NA,NA,Aniak,Kuskokwim
1972,NA,NA,Aniak,Kuskokwim
1973,NA,NA,Aniak,Kuskokwim
1974,NA,NA,Aniak,Kuskokwim
1975,848.375,8,Aniak,Kuskokwim
1976,NA,NA,Aniak,Kuskokwim
1977,NA,NA,Aniak,Kuskokwim
1978,NA,NA,Aniak,Kuskokwim
1979,NA,NA,Aniak,Kuskokwim
1980,763.25,8,Aniak,Kuskokwim
1981,841.8064516,31,Aniak,Kuskokwim
1982,NA,NA,Aniak,Kuskokwim
1983,887.5,4,Aniak,Kuskokwim
1984,NA,NA,Aniak,Kuskokwim
1985,859.137931,29,Aniak,Kuskokwim
1986,NA,NA,Aniak,Kuskokwim
1987,NA,NA,Aniak,Kuskokwim
1988,NA,NA,Aniak,Kuskokwim
1989,896.9130435,23,Aniak,Kuskokwim
1990,NA,NA,Aniak,Kuskokwim
1991,NA,NA,Aniak,Kuskokwim
1992,829.1481481,33,Aniak,Kuskokwim
1993,NA,NA,Aniak,Kuskokwim
1994,NA,NA,Aniak,Kuskokwim
1995,NA,NA,Aniak,Kuskokwim
1996,573.75,4,Aniak,Kuskokwim
1997,NA,NA,Aniak,Kuskokwim
1998,NA,NA,Aniak,Kuskokwim
1999,NA,NA,Aniak,Kuskokwim
2000,NA,NA,Aniak,Kuskokwim
2001,NA,NA,Aniak,Kuskokwim
2002,NA,NA,Aniak,Kuskokwim
2003,NA,NA,Aniak,Kuskokwim
2004,NA,NA,Aniak,Kuskokwim
2005,NA,NA,Aniak,Kuskokwim
2006,NA,NA,Aniak,Kuskokwim
2007,737.3958333,48,Aniak,Kuskokwim
2008,NA,NA,Aniak,Kuskokwim
2009,NA,NA,Aniak,Kuskokwim
2010,NA,NA,Aniak,Kuskokwim
2011,NA,NA,Aniak,Kuskokwim
2012,NA,NA,Aniak,Kuskokwim
2013,NA,NA,Aniak,Kuskokwim
2014,NA,NA,Aniak,Kuskokwim
2015,NA,NA,Aniak,Kuskokwim
2016,NA,NA,Aniak,Kuskokwim
2017,NA,NA,Aniak,Kuskokwim
1960,NA,NA,George,Kuskokwim
1961,NA,NA,George,Kuskokwim
1962,NA,NA,George,Kuskokwim
1963,NA,NA,George,Kuskokwim
1964,NA,NA,George,Kuskokwim
1965,NA,NA,George,Kuskokwim
1966,NA,NA,George,Kuskokwim
1967,NA,NA,George,Kuskokwim
1968,NA,NA,George,Kuskokwim
1969,NA,NA,George,Kuskokwim
1970,NA,NA,George,Kuskokwim
1971,NA,NA,George,Kuskokwim
1972,NA,NA,George,Kuskokwim
1973,NA,NA,George,Kuskokwim
1974,NA,NA,George,Kuskokwim
1975,NA,NA,George,Kuskokwim
1976,NA,NA,George,Kuskokwim
1977,NA,NA,George,Kuskokwim
1978,NA,NA,George,Kuskokwim
1979,NA,NA,George,Kuskokwim
1980,NA,NA,George,Kuskokwim
1981,NA,NA,George,Kuskokwim
1982,NA,NA,George,Kuskokwim
1983,NA,NA,George,Kuskokwim
1984,NA,NA,George,Kuskokwim
1985,NA,NA,George,Kuskokwim
1986,NA,NA,George,Kuskokwim
1987,NA,NA,George,Kuskokwim
1988,NA,NA,George,Kuskokwim
1989,NA,NA,George,Kuskokwim
1990,NA,NA,George,Kuskokwim
1991,NA,NA,George,Kuskokwim
1992,NA,NA,George,Kuskokwim
1993,NA,NA,George,Kuskokwim
1994,NA,NA,George,Kuskokwim
1995,NA,NA,George,Kuskokwim
1996,839.2347826,115,George,Kuskokwim
1997,767.5704225,142,George,Kuskokwim
1998,771,22,George,Kuskokwim
1999,829.8529412,34,George,Kuskokwim
2000,827.6190476,42,George,Kuskokwim
2001,816.72,25,George,Kuskokwim
2002,849.1223022,139,George,Kuskokwim
2003,876.4444444,9,George,Kuskokwim
2004,835.3135593,118,George,Kuskokwim
2005,806.3679245,212,George,Kuskokwim
2006,828.0582524,103,George,Kuskokwim
2007,824.375,40,George,Kuskokwim
2008,815.9793814,97,George,Kuskokwim
2009,835.037037,81,George,Kuskokwim
2010,808.46,50,George,Kuskokwim
2011,779.6117647,85,George,Kuskokwim
2012,829.0701754,57,George,Kuskokwim
2013,816.71875,64,George,Kuskokwim
2014,821.8534483,116,George,Kuskokwim
2015,819.0697674,43,George,Kuskokwim
2016,746.3333333,12,George,Kuskokwim
2017,NA,NA,George,Kuskokwim
1960,NA,NA,Goodnews,Kuskokwim
1961,NA,NA,Goodnews,Kuskokwim
1962,NA,NA,Goodnews,Kuskokwim
1963,NA,NA,Goodnews,Kuskokwim
1964,NA,NA,Goodnews,Kuskokwim
1965,NA,NA,Goodnews,Kuskokwim
1966,NA,NA,Goodnews,Kuskokwim
1967,NA,NA,Goodnews,Kuskokwim
1968,NA,NA,Goodnews,Kuskokwim
1969,NA,NA,Goodnews,Kuskokwim
1970,NA,NA,Goodnews,Kuskokwim
1971,NA,NA,Goodnews,Kuskokwim
1972,NA,NA,Goodnews,Kuskokwim
1973,NA,NA,Goodnews,Kuskokwim
1974,NA,NA,Goodnews,Kuskokwim
1975,NA,NA,Goodnews,Kuskokwim
1976,NA,NA,Goodnews,Kuskokwim
1977,NA,NA,Goodnews,Kuskokwim
1978,NA,NA,Goodnews,Kuskokwim
1979,NA,NA,Goodnews,Kuskokwim
1980,NA,NA,Goodnews,Kuskokwim
1981,NA,NA,Goodnews,Kuskokwim
1982,NA,NA,Goodnews,Kuskokwim
1983,858.0447761,67,Goodnews,Kuskokwim
1984,866.6,66,Goodnews,Kuskokwim
1985,933.2222222,18,Goodnews,Kuskokwim
1986,NA,NA,Goodnews,Kuskokwim
1987,783.5454545,22,Goodnews,Kuskokwim
1988,854.0909091,44,Goodnews,Kuskokwim
1989,829.9545455,22,Goodnews,Kuskokwim
1990,665.7647059,17,Goodnews,Kuskokwim
1991,850.6698113,107,Goodnews,Kuskokwim
1992,850.9285714,56,Goodnews,Kuskokwim
1993,780.2,25,Goodnews,Kuskokwim
1994,817.5630252,119,Goodnews,Kuskokwim
1995,861.0855263,152,Goodnews,Kuskokwim
1996,821.1111111,72,Goodnews,Kuskokwim
1997,828.2352941,34,Goodnews,Kuskokwim
1998,NA,NA,Goodnews,Kuskokwim
1999,800,11,Goodnews,Kuskokwim
2000,811.1323529,68,Goodnews,Kuskokwim
2001,842.25,20,Goodnews,Kuskokwim
2002,864.9,70,Goodnews,Kuskokwim
2003,825.9266055,109,Goodnews,Kuskokwim
2004,765.8474576,59,Goodnews,Kuskokwim
2005,788.8059701,67,Goodnews,Kuskokwim
2006,805.84375,32,Goodnews,Kuskokwim
2007,775.3333333,6,Goodnews,Kuskokwim
2008,812.4444444,63,Goodnews,Kuskokwim
2009,841.725,40,Goodnews,Kuskokwim
2010,816.625,24,Goodnews,Kuskokwim
2011,821.5909091,22,Goodnews,Kuskokwim
2012,798.96,25,Goodnews,Kuskokwim
2013,854.7761194,134,Goodnews,Kuskokwim
2014,842.75,40,Goodnews,Kuskokwim
2015,805.4571429,35,Goodnews,Kuskokwim
2016,797.1875,16,Goodnews,Kuskokwim
2017,NA,NA,Goodnews,Kuskokwim
1960,NA,NA,Holitna,Kuskokwim
1961,NA,NA,Holitna,Kuskokwim
1962,NA,NA,Holitna,Kuskokwim
1963,NA,NA,Holitna,Kuskokwim
1964,NA,NA,Holitna,Kuskokwim
1965,NA,NA,Holitna,Kuskokwim
1966,NA,NA,Holitna,Kuskokwim
1967,NA,NA,Holitna,Kuskokwim
1968,NA,NA,Holitna,Kuskokwim
1969,NA,NA,Holitna,Kuskokwim
1970,NA,NA,Holitna,Kuskokwim
1971,NA,NA,Holitna,Kuskokwim
1972,NA,NA,Holitna,Kuskokwim
1973,NA,NA,Holitna,Kuskokwim
1974,NA,NA,Holitna,Kuskokwim
1975,NA,NA,Holitna,Kuskokwim
1976,NA,NA,Holitna,Kuskokwim
1977,NA,NA,Holitna,Kuskokwim
1978,NA,NA,Holitna,Kuskokwim
1979,NA,NA,Holitna,Kuskokwim
1980,NA,NA,Holitna,Kuskokwim
1981,NA,NA,Holitna,Kuskokwim
1982,NA,NA,Holitna,Kuskokwim
1983,NA,NA,Holitna,Kuskokwim
1984,NA,NA,Holitna,Kuskokwim
1985,NA,NA,Holitna,Kuskokwim
1986,NA,NA,Holitna,Kuskokwim
1987,NA,NA,Holitna,Kuskokwim
1988,NA,NA,Holitna,Kuskokwim
1989,NA,NA,Holitna,Kuskokwim
1990,NA,NA,Holitna,Kuskokwim
1991,NA,NA,Holitna,Kuskokwim
1992,NA,NA,Holitna,Kuskokwim
1993,NA,NA,Holitna,Kuskokwim
1994,NA,NA,Holitna,Kuskokwim
1995,NA,NA,Holitna,Kuskokwim
1996,NA,NA,Holitna,Kuskokwim
1997,NA,NA,Holitna,Kuskokwim
1998,NA,NA,Holitna,Kuskokwim
1999,NA,NA,Holitna,Kuskokwim
2000,NA,NA,Holitna,Kuskokwim
2001,NA,NA,Holitna,Kuskokwim
2002,NA,NA,Holitna,Kuskokwim
2003,NA,NA,Holitna,Kuskokwim
2004,NA,NA,Holitna,Kuskokwim
2005,NA,NA,Holitna,Kuskokwim
2006,NA,NA,Holitna,Kuskokwim
2007,NA,NA,Holitna,Kuskokwim
2008,NA,NA,Holitna,Kuskokwim
2009,NA,NA,Holitna,Kuskokwim
2010,NA,NA,Holitna,Kuskokwim
2011,NA,NA,Holitna,Kuskokwim
2012,NA,NA,Holitna,Kuskokwim
2013,NA,NA,Holitna,Kuskokwim
2014,NA,NA,Holitna,Kuskokwim
2015,NA,NA,Holitna,Kuskokwim
2016,NA,NA,Holitna,Kuskokwim
2017,NA,NA,Holitna,Kuskokwim
1960,NA,NA,Holokuk,Kuskokwim
1961,NA,NA,Holokuk,Kuskokwim
1962,NA,NA,Holokuk,Kuskokwim
1963,NA,NA,Holokuk,Kuskokwim
1964,NA,NA,Holokuk,Kuskokwim
1965,NA,NA,Holokuk,Kuskokwim
1966,NA,NA,Holokuk,Kuskokwim
1967,NA,NA,Holokuk,Kuskokwim
1968,NA,NA,Holokuk,Kuskokwim
1969,NA,NA,Holokuk,Kuskokwim
1970,NA,NA,Holokuk,Kuskokwim
1971,NA,NA,Holokuk,Kuskokwim
1972,NA,NA,Holokuk,Kuskokwim
1973,NA,NA,Holokuk,Kuskokwim
1974,NA,NA,Holokuk,Kuskokwim
1975,NA,NA,Holokuk,Kuskokwim
1976,NA,NA,Holokuk,Kuskokwim
1977,NA,NA,Holokuk,Kuskokwim
1978,NA,NA,Holokuk,Kuskokwim
1979,NA,NA,Holokuk,Kuskokwim
1980,NA,NA,Holokuk,Kuskokwim
1981,NA,NA,Holokuk,Kuskokwim
1982,NA,NA,Holokuk,Kuskokwim
1983,NA,NA,Holokuk,Kuskokwim
1984,NA,NA,Holokuk,Kuskokwim
1985,NA,NA,Holokuk,Kuskokwim
1986,NA,NA,Holokuk,Kuskokwim
1987,NA,NA,Holokuk,Kuskokwim
1988,NA,NA,Holokuk,Kuskokwim
1989,NA,NA,Holokuk,Kuskokwim
1990,NA,NA,Holokuk,Kuskokwim
1991,NA,NA,Holokuk,Kuskokwim
1992,NA,NA,Holokuk,Kuskokwim
1993,NA,NA,Holokuk,Kuskokwim
1994,NA,NA,Holokuk,Kuskokwim
1995,NA,NA,Holokuk,Kuskokwim
1996,NA,NA,Holokuk,Kuskokwim
1997,NA,NA,Holokuk,Kuskokwim
1998,NA,NA,Holokuk,Kuskokwim
1999,NA,NA,Holokuk,Kuskokwim
2000,NA,NA,Holokuk,Kuskokwim
2001,NA,NA,Holokuk,Kuskokwim
2002,NA,NA,Holokuk,Kuskokwim
2003,NA,NA,Holokuk,Kuskokwim
2004,NA,NA,Holokuk,Kuskokwim
2005,NA,NA,Holokuk,Kuskokwim
2006,NA,NA,Holokuk,Kuskokwim
2007,NA,NA,Holokuk,Kuskokwim
2008,NA,NA,Holokuk,Kuskokwim
2009,NA,NA,Holokuk,Kuskokwim
2010,NA,NA,Holokuk,Kuskokwim
2011,NA,NA,Holokuk,Kuskokwim
2012,NA,NA,Holokuk,Kuskokwim
2013,NA,NA,Holokuk,Kuskokwim
2014,NA,NA,Holokuk,Kuskokwim
2015,NA,NA,Holokuk,Kuskokwim
2016,NA,NA,Holokuk,Kuskokwim
2017,NA,NA,Holokuk,Kuskokwim
1960,NA,NA,Kisaralik,Kuskokwim
1961,NA,NA,Kisaralik,Kuskokwim
1962,NA,NA,Kisaralik,Kuskokwim
1963,NA,NA,Kisaralik,Kuskokwim
1964,NA,NA,Kisaralik,Kuskokwim
1965,NA,NA,Kisaralik,Kuskokwim
1966,NA,NA,Kisaralik,Kuskokwim
1967,NA,NA,Kisaralik,Kuskokwim
1968,NA,NA,Kisaralik,Kuskokwim
1969,NA,NA,Kisaralik,Kuskokwim
1970,NA,NA,Kisaralik,Kuskokwim
1971,NA,NA,Kisaralik,Kuskokwim
1972,NA,NA,Kisaralik,Kuskokwim
1973,NA,NA,Kisaralik,Kuskokwim
1974,NA,NA,Kisaralik,Kuskokwim
1975,NA,NA,Kisaralik,Kuskokwim
1976,NA,NA,Kisaralik,Kuskokwim
1977,NA,NA,Kisaralik,Kuskokwim
1978,NA,NA,Kisaralik,Kuskokwim
1979,NA,NA,Kisaralik,Kuskokwim
1980,NA,NA,Kisaralik,Kuskokwim
1981,NA,NA,Kisaralik,Kuskokwim
1982,NA,NA,Kisaralik,Kuskokwim
1983,NA,NA,Kisaralik,Kuskokwim
1984,NA,NA,Kisaralik,Kuskokwim
1985,NA,NA,Kisaralik,Kuskokwim
1986,965,1,Kisaralik,Kuskokwim
1987,NA,NA,Kisaralik,Kuskokwim
1988,NA,NA,Kisaralik,Kuskokwim
1989,NA,NA,Kisaralik,Kuskokwim
1990,NA,NA,Kisaralik,Kuskokwim
1991,NA,NA,Kisaralik,Kuskokwim
1992,NA,NA,Kisaralik,Kuskokwim
1993,NA,NA,Kisaralik,Kuskokwim
1994,NA,NA,Kisaralik,Kuskokwim
1995,NA,NA,Kisaralik,Kuskokwim
1996,NA,NA,Kisaralik,Kuskokwim
1997,NA,NA,Kisaralik,Kuskokwim
1998,NA,NA,Kisaralik,Kuskokwim
1999,NA,NA,Kisaralik,Kuskokwim
2000,NA,NA,Kisaralik,Kuskokwim
2001,858.4642857,28,Kisaralik,Kuskokwim
2002,NA,NA,Kisaralik,Kuskokwim
2003,NA,NA,Kisaralik,Kuskokwim
2004,NA,NA,Kisaralik,Kuskokwim
2005,NA,NA,Kisaralik,Kuskokwim
2006,NA,NA,Kisaralik,Kuskokwim
2007,NA,NA,Kisaralik,Kuskokwim
2008,NA,NA,Kisaralik,Kuskokwim
2009,NA,NA,Kisaralik,Kuskokwim
2010,NA,NA,Kisaralik,Kuskokwim
2011,NA,NA,Kisaralik,Kuskokwim
2012,NA,NA,Kisaralik,Kuskokwim
2013,NA,NA,Kisaralik,Kuskokwim
2014,NA,NA,Kisaralik,Kuskokwim
2015,NA,NA,Kisaralik,Kuskokwim
2016,NA,NA,Kisaralik,Kuskokwim
2017,NA,NA,Kisaralik,Kuskokwim
1960,NA,NA,Kogrukluk,Kuskokwim
1961,NA,NA,Kogrukluk,Kuskokwim
1962,NA,NA,Kogrukluk,Kuskokwim
1963,NA,NA,Kogrukluk,Kuskokwim
1964,NA,NA,Kogrukluk,Kuskokwim
1965,NA,NA,Kogrukluk,Kuskokwim
1966,NA,NA,Kogrukluk,Kuskokwim
1967,NA,NA,Kogrukluk,Kuskokwim
1968,862.8,5,Kogrukluk,Kuskokwim
1969,914,1,Kogrukluk,Kuskokwim
1970,NA,NA,Kogrukluk,Kuskokwim
1971,967.2857143,7,Kogrukluk,Kuskokwim
1972,869.5,2,Kogrukluk,Kuskokwim
1973,861.5,4,Kogrukluk,Kuskokwim
1974,NA,NA,Kogrukluk,Kuskokwim
1975,NA,NA,Kogrukluk,Kuskokwim
1976,902.260355,169,Kogrukluk,Kuskokwim
1977,NA,NA,Kogrukluk,Kuskokwim
1978,922.7938144,291,Kogrukluk,Kuskokwim
1979,906.8378378,74,Kogrukluk,Kuskokwim
1980,888.2307692,39,Kogrukluk,Kuskokwim
1981,908.0948081,444,Kogrukluk,Kuskokwim
1982,881.4047619,210,Kogrukluk,Kuskokwim
1983,880.2205882,137,Kogrukluk,Kuskokwim
1984,860.3674699,332,Kogrukluk,Kuskokwim
1985,863.9455041,367,Kogrukluk,Kuskokwim
1986,872.0710059,169,Kogrukluk,Kuskokwim
1987,865.5882353,51,Kogrukluk,Kuskokwim
1988,864.2050562,356,Kogrukluk,Kuskokwim
1989,883,85,Kogrukluk,Kuskokwim
1990,845.9459459,74,Kogrukluk,Kuskokwim
1991,881.3172043,186,Kogrukluk,Kuskokwim
1992,881.5254237,118,Kogrukluk,Kuskokwim
1993,871.2121212,99,Kogrukluk,Kuskokwim
1994,860.9705882,68,Kogrukluk,Kuskokwim
1995,858.7842466,292,Kogrukluk,Kuskokwim
1996,856.503268,153,Kogrukluk,Kuskokwim
1997,870.3525641,156,Kogrukluk,Kuskokwim
1998,843.5,40,Kogrukluk,Kuskokwim
1999,843.4640523,153,Kogrukluk,Kuskokwim
2000,834.0697674,43,Kogrukluk,Kuskokwim
2001,840.2962963,135,Kogrukluk,Kuskokwim
2002,845.6642336,137,Kogrukluk,Kuskokwim
2003,845.9530201,149,Kogrukluk,Kuskokwim
2004,838.2285714,140,Kogrukluk,Kuskokwim
2005,810.9888889,270,Kogrukluk,Kuskokwim
2006,838.4911661,283,Kogrukluk,Kuskokwim
2007,843.7575758,99,Kogrukluk,Kuskokwim
2008,822.8901099,91,Kogrukluk,Kuskokwim
2009,839.9,80,Kogrukluk,Kuskokwim
2010,849.5555556,99,Kogrukluk,Kuskokwim
2011,839.8923077,65,Kogrukluk,Kuskokwim
2012,818.6349206,63,Kogrukluk,Kuskokwim
2013,831.5106383,47,Kogrukluk,Kuskokwim
2014,832.8985507,69,Kogrukluk,Kuskokwim
2015,807.0555556,36,Kogrukluk,Kuskokwim
2016,767,60,Kogrukluk,Kuskokwim
2017,NA,NA,Kogrukluk,Kuskokwim
1960,NA,NA,Kwethluk,Kuskokwim
1961,NA,NA,Kwethluk,Kuskokwim
1962,NA,NA,Kwethluk,Kuskokwim
1963,NA,NA,Kwethluk,Kuskokwim
1964,NA,NA,Kwethluk,Kuskokwim
1965,NA,NA,Kwethluk,Kuskokwim
1966,NA,NA,Kwethluk,Kuskokwim
1967,NA,NA,Kwethluk,Kuskokwim
1968,NA,NA,Kwethluk,Kuskokwim
1969,NA,NA,Kwethluk,Kuskokwim
1970,NA,NA,Kwethluk,Kuskokwim
1971,NA,NA,Kwethluk,Kuskokwim
1972,NA,NA,Kwethluk,Kuskokwim
1973,NA,NA,Kwethluk,Kuskokwim
1974,NA,NA,Kwethluk,Kuskokwim
1975,NA,NA,Kwethluk,Kuskokwim
1976,NA,NA,Kwethluk,Kuskokwim
1977,NA,NA,Kwethluk,Kuskokwim
1978,NA,NA,Kwethluk,Kuskokwim
1979,NA,NA,Kwethluk,Kuskokwim
1980,NA,NA,Kwethluk,Kuskokwim
1981,NA,NA,Kwethluk,Kuskokwim
1982,NA,NA,Kwethluk,Kuskokwim
1983,NA,NA,Kwethluk,Kuskokwim
1984,NA,NA,Kwethluk,Kuskokwim
1985,NA,NA,Kwethluk,Kuskokwim
1986,NA,NA,Kwethluk,Kuskokwim
1987,NA,NA,Kwethluk,Kuskokwim
1988,NA,NA,Kwethluk,Kuskokwim
1989,890.5454545,55,Kwethluk,Kuskokwim
1990,NA,NA,Kwethluk,Kuskokwim
1991,882.1649485,97,Kwethluk,Kuskokwim
1992,829.6759259,216,Kwethluk,Kuskokwim
1993,NA,NA,Kwethluk,Kuskokwim
1994,NA,NA,Kwethluk,Kuskokwim
1995,852.7575758,33,Kwethluk,Kuskokwim
1996,NA,NA,Kwethluk,Kuskokwim
1997,NA,NA,Kwethluk,Kuskokwim
1998,NA,NA,Kwethluk,Kuskokwim
1999,NA,NA,Kwethluk,Kuskokwim
2000,868.5714286,70,Kwethluk,Kuskokwim
2001,887.2857143,14,Kwethluk,Kuskokwim
2002,821.171875,192,Kwethluk,Kuskokwim
2003,849.2350746,268,Kwethluk,Kuskokwim
2004,863.9959016,244,Kwethluk,Kuskokwim
2005,NA,NA,Kwethluk,Kuskokwim
2006,851.8581081,444,Kwethluk,Kuskokwim
2007,803.0072464,276,Kwethluk,Kuskokwim
2008,846.910299,301,Kwethluk,Kuskokwim
2009,849.2628205,312,Kwethluk,Kuskokwim
2010,816.0511628,215,Kwethluk,Kuskokwim
2011,863.9925373,268,Kwethluk,Kuskokwim
2012,765.15625,64,Kwethluk,Kuskokwim
2013,847.8333333,30,Kwethluk,Kuskokwim
2014,846.4223301,206,Kwethluk,Kuskokwim
2015,842.9805825,206,Kwethluk,Kuskokwim
2016,NA,NA,Kwethluk,Kuskokwim
2017,NA,NA,Kwethluk,Kuskokwim
1960,NA,NA,Oskawalik,Kuskokwim
1961,NA,NA,Oskawalik,Kuskokwim
1962,NA,NA,Oskawalik,Kuskokwim
1963,NA,NA,Oskawalik,Kuskokwim
1964,NA,NA,Oskawalik,Kuskokwim
1965,NA,NA,Oskawalik,Kuskokwim
1966,NA,NA,Oskawalik,Kuskokwim
1967,NA,NA,Oskawalik,Kuskokwim
1968,NA,NA,Oskawalik,Kuskokwim
1969,NA,NA,Oskawalik,Kuskokwim
1970,NA,NA,Oskawalik,Kuskokwim
1971,NA,NA,Oskawalik,Kuskokwim
1972,NA,NA,Oskawalik,Kuskokwim
1973,NA,NA,Oskawalik,Kuskokwim
1974,NA,NA,Oskawalik,Kuskokwim
1975,NA,NA,Oskawalik,Kuskokwim
1976,NA,NA,Oskawalik,Kuskokwim
1977,NA,NA,Oskawalik,Kuskokwim
1978,NA,NA,Oskawalik,Kuskokwim
1979,NA,NA,Oskawalik,Kuskokwim
1980,NA,NA,Oskawalik,Kuskokwim
1981,NA,NA,Oskawalik,Kuskokwim
1982,NA,NA,Oskawalik,Kuskokwim
1983,NA,NA,Oskawalik,Kuskokwim
1984,NA,NA,Oskawalik,Kuskokwim
1985,NA,NA,Oskawalik,Kuskokwim
1986,NA,NA,Oskawalik,Kuskokwim
1987,NA,NA,Oskawalik,Kuskokwim
1988,NA,NA,Oskawalik,Kuskokwim
1989,NA,NA,Oskawalik,Kuskokwim
1990,NA,NA,Oskawalik,Kuskokwim
1991,NA,NA,Oskawalik,Kuskokwim
1992,NA,NA,Oskawalik,Kuskokwim
1993,NA,NA,Oskawalik,Kuskokwim
1994,NA,NA,Oskawalik,Kuskokwim
1995,NA,NA,Oskawalik,Kuskokwim
1996,NA,NA,Oskawalik,Kuskokwim
1997,NA,NA,Oskawalik,Kuskokwim
1998,NA,NA,Oskawalik,Kuskokwim
1999,NA,NA,Oskawalik,Kuskokwim
2000,NA,NA,Oskawalik,Kuskokwim
2001,NA,NA,Oskawalik,Kuskokwim
2002,NA,NA,Oskawalik,Kuskokwim
2003,NA,NA,Oskawalik,Kuskokwim
2004,NA,NA,Oskawalik,Kuskokwim
2005,NA,NA,Oskawalik,Kuskokwim
2006,NA,NA,Oskawalik,Kuskokwim
2007,NA,NA,Oskawalik,Kuskokwim
2008,NA,NA,Oskawalik,Kuskokwim
2009,NA,NA,Oskawalik,Kuskokwim
2010,NA,NA,Oskawalik,Kuskokwim
2011,NA,NA,Oskawalik,Kuskokwim
2012,NA,NA,Oskawalik,Kuskokwim
2013,NA,NA,Oskawalik,Kuskokwim
2014,NA,NA,Oskawalik,Kuskokwim
2015,NA,NA,Oskawalik,Kuskokwim
2016,NA,NA,Oskawalik,Kuskokwim
2017,NA,NA,Oskawalik,Kuskokwim
1960,NA,NA,Pitka,Kuskokwim
1961,NA,NA,Pitka,Kuskokwim
1962,NA,NA,Pitka,Kuskokwim
1963,NA,NA,Pitka,Kuskokwim
1964,NA,NA,Pitka,Kuskokwim
1965,NA,NA,Pitka,Kuskokwim
1966,NA,NA,Pitka,Kuskokwim
1967,NA,NA,Pitka,Kuskokwim
1968,NA,NA,Pitka,Kuskokwim
1969,NA,NA,Pitka,Kuskokwim
1970,NA,NA,Pitka,Kuskokwim
1971,NA,NA,Pitka,Kuskokwim
1972,NA,NA,Pitka,Kuskokwim
1973,NA,NA,Pitka,Kuskokwim
1974,NA,NA,Pitka,Kuskokwim
1975,NA,NA,Pitka,Kuskokwim
1976,NA,NA,Pitka,Kuskokwim
1977,NA,NA,Pitka,Kuskokwim
1978,NA,NA,Pitka,Kuskokwim
1979,NA,NA,Pitka,Kuskokwim
1980,NA,NA,Pitka,Kuskokwim
1981,854.4507042,71,Pitka,Kuskokwim
1982,817.4166667,72,Pitka,Kuskokwim
1983,NA,NA,Pitka,Kuskokwim
1984,NA,NA,Pitka,Kuskokwim
1985,NA,NA,Pitka,Kuskokwim
1986,NA,NA,Pitka,Kuskokwim
1987,NA,NA,Pitka,Kuskokwim
1988,NA,NA,Pitka,Kuskokwim
1989,826,1,Pitka,Kuskokwim
1990,NA,NA,Pitka,Kuskokwim
1991,NA,NA,Pitka,Kuskokwim
1992,NA,NA,Pitka,Kuskokwim
1993,NA,NA,Pitka,Kuskokwim
1994,NA,NA,Pitka,Kuskokwim
1995,NA,NA,Pitka,Kuskokwim
1996,NA,NA,Pitka,Kuskokwim
1997,NA,NA,Pitka,Kuskokwim
1998,NA,NA,Pitka,Kuskokwim
1999,NA,NA,Pitka,Kuskokwim
2000,NA,NA,Pitka,Kuskokwim
2001,NA,NA,Pitka,Kuskokwim
2002,767.7272727,11,Pitka,Kuskokwim
2003,NA,NA,Pitka,Kuskokwim
2004,NA,NA,Pitka,Kuskokwim
2005,NA,NA,Pitka,Kuskokwim
2006,NA,NA,Pitka,Kuskokwim
2007,NA,NA,Pitka,Kuskokwim
2008,NA,NA,Pitka,Kuskokwim
2009,NA,NA,Pitka,Kuskokwim
2010,NA,NA,Pitka,Kuskokwim
2011,NA,NA,Pitka,Kuskokwim
2012,NA,NA,Pitka,Kuskokwim
2013,NA,NA,Pitka,Kuskokwim
2014,NA,NA,Pitka,Kuskokwim
2015,772.75,84,Pitka,Kuskokwim
2016,741.6533333,150,Pitka,Kuskokwim
2017,NA,NA,Pitka,Kuskokwim
1960,NA,NA,Swift,Kuskokwim
1961,NA,NA,Swift,Kuskokwim
1962,NA,NA,Swift,Kuskokwim
1963,NA,NA,Swift,Kuskokwim
1964,NA,NA,Swift,Kuskokwim
1965,NA,NA,Swift,Kuskokwim
1966,NA,NA,Swift,Kuskokwim
1967,NA,NA,Swift,Kuskokwim
1968,NA,NA,Swift,Kuskokwim
1969,NA,NA,Swift,Kuskokwim
1970,NA,NA,Swift,Kuskokwim
1971,NA,NA,Swift,Kuskokwim
1972,NA,NA,Swift,Kuskokwim
1973,NA,NA,Swift,Kuskokwim
1974,NA,NA,Swift,Kuskokwim
1975,NA,NA,Swift,Kuskokwim
1976,NA,NA,Swift,Kuskokwim
1977,NA,NA,Swift,Kuskokwim
1978,NA,NA,Swift,Kuskokwim
1979,NA,NA,Swift,Kuskokwim
1980,NA,NA,Swift,Kuskokwim
1981,NA,NA,Swift,Kuskokwim
1982,NA,NA,Swift,Kuskokwim
1983,NA,NA,Swift,Kuskokwim
1984,NA,NA,Swift,Kuskokwim
1985,NA,NA,Swift,Kuskokwim
1986,NA,NA,Swift,Kuskokwim
1987,NA,NA,Swift,Kuskokwim
1988,NA,NA,Swift,Kuskokwim
1989,NA,NA,Swift,Kuskokwim
1990,NA,NA,Swift,Kuskokwim
1991,NA,NA,Swift,Kuskokwim
1992,NA,NA,Swift,Kuskokwim
1993,NA,NA,Swift,Kuskokwim
1994,NA,NA,Swift,Kuskokwim
1995,NA,NA,Swift,Kuskokwim
1996,NA,NA,Swift,Kuskokwim
1997,NA,NA,Swift,Kuskokwim
1998,NA,NA,Swift,Kuskokwim
1999,NA,NA,Swift,Kuskokwim
2000,NA,NA,Swift,Kuskokwim
2001,NA,NA,Swift,Kuskokwim
2002,NA,NA,Swift,Kuskokwim
2003,NA,NA,Swift,Kuskokwim
2004,NA,NA,Swift,Kuskokwim
2005,NA,NA,Swift,Kuskokwim
2006,NA,NA,Swift,Kuskokwim
2007,NA,NA,Swift,Kuskokwim
2008,NA,NA,Swift,Kuskokwim
2009,NA,NA,Swift,Kuskokwim
2010,NA,NA,Swift,Kuskokwim
2011,NA,NA,Swift,Kuskokwim
2012,NA,NA,Swift,Kuskokwim
2013,NA,NA,Swift,Kuskokwim
2014,NA,NA,Swift,Kuskokwim
2015,NA,NA,Swift,Kuskokwim
2016,NA,NA,Swift,Kuskokwim
2017,NA,NA,Swift,Kuskokwim
1960,NA,NA,Takotna,Kuskokwim
1961,NA,NA,Takotna,Kuskokwim
1962,NA,NA,Takotna,Kuskokwim
1963,NA,NA,Takotna,Kuskokwim
1964,NA,NA,Takotna,Kuskokwim
1965,NA,NA,Takotna,Kuskokwim
1966,NA,NA,Takotna,Kuskokwim
1967,NA,NA,Takotna,Kuskokwim
1968,NA,NA,Takotna,Kuskokwim
1969,NA,NA,Takotna,Kuskokwim
1970,NA,NA,Takotna,Kuskokwim
1971,NA,NA,Takotna,Kuskokwim
1972,NA,NA,Takotna,Kuskokwim
1973,NA,NA,Takotna,Kuskokwim
1974,NA,NA,Takotna,Kuskokwim
1975,NA,NA,Takotna,Kuskokwim
1976,NA,NA,Takotna,Kuskokwim
1977,NA,NA,Takotna,Kuskokwim
1978,NA,NA,Takotna,Kuskokwim
1979,NA,NA,Takotna,Kuskokwim
1980,NA,NA,Takotna,Kuskokwim
1981,NA,NA,Takotna,Kuskokwim
1982,NA,NA,Takotna,Kuskokwim
1983,NA,NA,Takotna,Kuskokwim
1984,NA,NA,Takotna,Kuskokwim
1985,NA,NA,Takotna,Kuskokwim
1986,NA,NA,Takotna,Kuskokwim
1987,NA,NA,Takotna,Kuskokwim
1988,NA,NA,Takotna,Kuskokwim
1989,NA,NA,Takotna,Kuskokwim
1990,NA,NA,Takotna,Kuskokwim
1991,NA,NA,Takotna,Kuskokwim
1992,NA,NA,Takotna,Kuskokwim
1993,NA,NA,Takotna,Kuskokwim
1994,NA,NA,Takotna,Kuskokwim
1995,NA,NA,Takotna,Kuskokwim
1996,NA,NA,Takotna,Kuskokwim
1997,NA,NA,Takotna,Kuskokwim
1998,NA,NA,Takotna,Kuskokwim
1999,NA,NA,Takotna,Kuskokwim
2000,819.5294118,17,Takotna,Kuskokwim
2001,848.9285714,42,Takotna,Kuskokwim
2002,826.0769231,39,Takotna,Kuskokwim
2003,861.4411765,34,Takotna,Kuskokwim
2004,806.4,15,Takotna,Kuskokwim
2005,774.877193,57,Takotna,Kuskokwim
2006,828.5774648,71,Takotna,Kuskokwim
2007,793.3333333,42,Takotna,Kuskokwim
2008,820.3888889,36,Takotna,Kuskokwim
2009,836.3103448,58,Takotna,Kuskokwim
2010,705.5333333,15,Takotna,Kuskokwim
2011,710.52,25,Takotna,Kuskokwim
2012,778.6,20,Takotna,Kuskokwim
2013,NA,NA,Takotna,Kuskokwim
2014,NA,NA,Takotna,Kuskokwim
2015,NA,NA,Takotna,Kuskokwim
2016,NA,NA,Takotna,Kuskokwim
2017,NA,NA,Takotna,Kuskokwim
1960,NA,NA,Tatlawiksuk,Kuskokwim
1961,NA,NA,Tatlawiksuk,Kuskokwim
1962,NA,NA,Tatlawiksuk,Kuskokwim
1963,NA,NA,Tatlawiksuk,Kuskokwim
1964,NA,NA,Tatlawiksuk,Kuskokwim
1965,NA,NA,Tatlawiksuk,Kuskokwim
1966,NA,NA,Tatlawiksuk,Kuskokwim
1967,NA,NA,Tatlawiksuk,Kuskokwim
1968,NA,NA,Tatlawiksuk,Kuskokwim
1969,NA,NA,Tatlawiksuk,Kuskokwim
1970,NA,NA,Tatlawiksuk,Kuskokwim
1971,NA,NA,Tatlawiksuk,Kuskokwim
1972,NA,NA,Tatlawiksuk,Kuskokwim
1973,NA,NA,Tatlawiksuk,Kuskokwim
1974,NA,NA,Tatlawiksuk,Kuskokwim
1975,NA,NA,Tatlawiksuk,Kuskokwim
1976,NA,NA,Tatlawiksuk,Kuskokwim
1977,NA,NA,Tatlawiksuk,Kuskokwim
1978,NA,NA,Tatlawiksuk,Kuskokwim
1979,NA,NA,Tatlawiksuk,Kuskokwim
1980,NA,NA,Tatlawiksuk,Kuskokwim
1981,NA,NA,Tatlawiksuk,Kuskokwim
1982,NA,NA,Tatlawiksuk,Kuskokwim
1983,NA,NA,Tatlawiksuk,Kuskokwim
1984,NA,NA,Tatlawiksuk,Kuskokwim
1985,NA,NA,Tatlawiksuk,Kuskokwim
1986,NA,NA,Tatlawiksuk,Kuskokwim
1987,NA,NA,Tatlawiksuk,Kuskokwim
1988,NA,NA,Tatlawiksuk,Kuskokwim
1989,NA,NA,Tatlawiksuk,Kuskokwim
1990,NA,NA,Tatlawiksuk,Kuskokwim
1991,NA,NA,Tatlawiksuk,Kuskokwim
1992,NA,NA,Tatlawiksuk,Kuskokwim
1993,NA,NA,Tatlawiksuk,Kuskokwim
1994,NA,NA,Tatlawiksuk,Kuskokwim
1995,NA,NA,Tatlawiksuk,Kuskokwim
1996,NA,NA,Tatlawiksuk,Kuskokwim
1997,NA,NA,Tatlawiksuk,Kuskokwim
1998,684.6,5,Tatlawiksuk,Kuskokwim
1999,891.2,5,Tatlawiksuk,Kuskokwim
2000,735,3,Tatlawiksuk,Kuskokwim
2001,828.483871,31,Tatlawiksuk,Kuskokwim
2002,792.6854839,124,Tatlawiksuk,Kuskokwim
2003,795.7777778,18,Tatlawiksuk,Kuskokwim
2004,785.4333333,120,Tatlawiksuk,Kuskokwim
2005,766.2432432,222,Tatlawiksuk,Kuskokwim
2006,771.25,80,Tatlawiksuk,Kuskokwim
2007,753.3469388,98,Tatlawiksuk,Kuskokwim
2008,751.1041667,48,Tatlawiksuk,Kuskokwim
2009,777.0746269,67,Tatlawiksuk,Kuskokwim
2010,804.255814,43,Tatlawiksuk,Kuskokwim
2011,768.7857143,42,Tatlawiksuk,Kuskokwim
2012,769.7462687,67,Tatlawiksuk,Kuskokwim
2013,787.9508197,61,Tatlawiksuk,Kuskokwim
2014,784.98,100,Tatlawiksuk,Kuskokwim
2015,738.6415094,53,Tatlawiksuk,Kuskokwim
2016,722.0666667,30,Tatlawiksuk,Kuskokwim
2017,NA,NA,Tatlawiksuk,Kuskokwim
1960,NA,NA,Tuluksak,Kuskokwim
1961,NA,NA,Tuluksak,Kuskokwim
1962,NA,NA,Tuluksak,Kuskokwim
1963,NA,NA,Tuluksak,Kuskokwim
1964,NA,NA,Tuluksak,Kuskokwim
1965,NA,NA,Tuluksak,Kuskokwim
1966,NA,NA,Tuluksak,Kuskokwim
1967,NA,NA,Tuluksak,Kuskokwim
1968,NA,NA,Tuluksak,Kuskokwim
1969,NA,NA,Tuluksak,Kuskokwim
1970,NA,NA,Tuluksak,Kuskokwim
1971,NA,NA,Tuluksak,Kuskokwim
1972,NA,NA,Tuluksak,Kuskokwim
1973,NA,NA,Tuluksak,Kuskokwim
1974,NA,NA,Tuluksak,Kuskokwim
1975,NA,NA,Tuluksak,Kuskokwim
1976,NA,NA,Tuluksak,Kuskokwim
1977,NA,NA,Tuluksak,Kuskokwim
1978,NA,NA,Tuluksak,Kuskokwim
1979,NA,NA,Tuluksak,Kuskokwim
1980,NA,NA,Tuluksak,Kuskokwim
1981,NA,NA,Tuluksak,Kuskokwim
1982,NA,NA,Tuluksak,Kuskokwim
1983,NA,NA,Tuluksak,Kuskokwim
1984,NA,NA,Tuluksak,Kuskokwim
1985,NA,NA,Tuluksak,Kuskokwim
1986,NA,NA,Tuluksak,Kuskokwim
1987,NA,NA,Tuluksak,Kuskokwim
1988,NA,NA,Tuluksak,Kuskokwim
1989,NA,NA,Tuluksak,Kuskokwim
1990,NA,NA,Tuluksak,Kuskokwim
1991,852.8928571,140,Tuluksak,Kuskokwim
1992,840.5578947,95,Tuluksak,Kuskokwim
1993,845.7425743,101,Tuluksak,Kuskokwim
1994,807.9166667,156,Tuluksak,Kuskokwim
1995,NA,NA,Tuluksak,Kuskokwim
1996,NA,NA,Tuluksak,Kuskokwim
1997,NA,NA,Tuluksak,Kuskokwim
1998,NA,NA,Tuluksak,Kuskokwim
1999,NA,NA,Tuluksak,Kuskokwim
2000,NA,NA,Tuluksak,Kuskokwim
2001,772.5,24,Tuluksak,Kuskokwim
2002,772.4647887,71,Tuluksak,Kuskokwim
2003,842.9473684,95,Tuluksak,Kuskokwim
2004,824.8421053,95,Tuluksak,Kuskokwim
2005,767.2772277,202,Tuluksak,Kuskokwim
2006,830.9574468,47,Tuluksak,Kuskokwim
2007,831.2149533,107,Tuluksak,Kuskokwim
2008,809.2265193,181,Tuluksak,Kuskokwim
2009,822.5,116,Tuluksak,Kuskokwim
2010,763.9666667,30,Tuluksak,Kuskokwim
2011,783.3,10,Tuluksak,Kuskokwim
2012,672.5,4,Tuluksak,Kuskokwim
2013,877.2857143,7,Tuluksak,Kuskokwim
2014,863.4375,16,Tuluksak,Kuskokwim
2015,834.5614035,57,Tuluksak,Kuskokwim
2016,820.5294118,85,Tuluksak,Kuskokwim
2017,NA,NA,Tuluksak,Kuskokwim
1960,NA,NA,Pelly,Yukon (CA)
1961,NA,NA,Pelly,Yukon (CA)
1962,NA,NA,Pelly,Yukon (CA)
1963,NA,NA,Pelly,Yukon (CA)
1964,NA,NA,Pelly,Yukon (CA)
1965,NA,NA,Pelly,Yukon (CA)
1966,NA,NA,Pelly,Yukon (CA)
1967,NA,NA,Pelly,Yukon (CA)
1968,NA,NA,Pelly,Yukon (CA)
1969,NA,NA,Pelly,Yukon (CA)
1970,NA,NA,Pelly,Yukon (CA)
1971,NA,NA,Pelly,Yukon (CA)
1972,NA,NA,Pelly,Yukon (CA)
1973,NA,NA,Pelly,Yukon (CA)
1974,NA,NA,Pelly,Yukon (CA)
1975,NA,NA,Pelly,Yukon (CA)
1976,NA,NA,Pelly,Yukon (CA)
1977,NA,NA,Pelly,Yukon (CA)
1978,NA,NA,Pelly,Yukon (CA)
1979,NA,NA,Pelly,Yukon (CA)
1980,855.9277108,93,Pelly,Yukon (CA)
1981,886.2888514,601,Pelly,Yukon (CA)
1982,884.673913,138,Pelly,Yukon (CA)
1983,879.0366667,313,Pelly,Yukon (CA)
1984,850,177,Pelly,Yukon (CA)
1985,858.1587302,208,Pelly,Yukon (CA)
1986,863.1355932,183,Pelly,Yukon (CA)
1987,889.2265625,259,Pelly,Yukon (CA)
1988,888.3626943,194,Pelly,Yukon (CA)
1989,866.8939394,134,Pelly,Yukon (CA)
1990,833.2241379,121,Pelly,Yukon (CA)
1991,NA,NA,Pelly,Yukon (CA)
1992,NA,NA,Pelly,Yukon (CA)
1993,NA,NA,Pelly,Yukon (CA)
1994,NA,NA,Pelly,Yukon (CA)
1995,NA,NA,Pelly,Yukon (CA)
1996,NA,NA,Pelly,Yukon (CA)
1997,NA,NA,Pelly,Yukon (CA)
1998,NA,NA,Pelly,Yukon (CA)
1999,NA,NA,Pelly,Yukon (CA)
2000,NA,NA,Pelly,Yukon (CA)
2001,NA,NA,Pelly,Yukon (CA)
2002,NA,NA,Pelly,Yukon (CA)
2003,NA,NA,Pelly,Yukon (CA)
2004,NA,NA,Pelly,Yukon (CA)
2005,NA,NA,Pelly,Yukon (CA)
2006,NA,NA,Pelly,Yukon (CA)
2007,NA,NA,Pelly,Yukon (CA)
2008,NA,NA,Pelly,Yukon (CA)
2009,NA,NA,Pelly,Yukon (CA)
2010,NA,NA,Pelly,Yukon (CA)
2011,NA,NA,Pelly,Yukon (CA)
2012,NA,NA,Pelly,Yukon (CA)
2013,NA,NA,Pelly,Yukon (CA)
2014,852.1969697,73,Pelly,Yukon (CA)
2015,NA,NA,Pelly,Yukon (CA)
2016,NA,NA,Pelly,Yukon (CA)
2017,NA,NA,Pelly,Yukon (CA)
1960,NA,NA,LwrMain,Yukon (CA)
1961,NA,NA,LwrMain,Yukon (CA)
1962,NA,NA,LwrMain,Yukon (CA)
1963,NA,NA,LwrMain,Yukon (CA)
1964,NA,NA,LwrMain,Yukon (CA)
1965,NA,NA,LwrMain,Yukon (CA)
1966,NA,NA,LwrMain,Yukon (CA)
1967,NA,NA,LwrMain,Yukon (CA)
1968,NA,NA,LwrMain,Yukon (CA)
1969,NA,NA,LwrMain,Yukon (CA)
1970,NA,NA,LwrMain,Yukon (CA)
1971,NA,NA,LwrMain,Yukon (CA)
1972,NA,NA,LwrMain,Yukon (CA)
1973,NA,NA,LwrMain,Yukon (CA)
1974,NA,NA,LwrMain,Yukon (CA)
1975,NA,NA,LwrMain,Yukon (CA)
1976,NA,NA,LwrMain,Yukon (CA)
1977,NA,NA,LwrMain,Yukon (CA)
1978,NA,NA,LwrMain,Yukon (CA)
1979,NA,NA,LwrMain,Yukon (CA)
1980,NA,NA,LwrMain,Yukon (CA)
1981,NA,NA,LwrMain,Yukon (CA)
1982,NA,NA,LwrMain,Yukon (CA)
1983,NA,NA,LwrMain,Yukon (CA)
1984,NA,NA,LwrMain,Yukon (CA)
1985,NA,NA,LwrMain,Yukon (CA)
1986,NA,NA,LwrMain,Yukon (CA)
1987,NA,NA,LwrMain,Yukon (CA)
1988,NA,NA,LwrMain,Yukon (CA)
1989,NA,NA,LwrMain,Yukon (CA)
1990,NA,NA,LwrMain,Yukon (CA)
1991,NA,NA,LwrMain,Yukon (CA)
1992,NA,NA,LwrMain,Yukon (CA)
1993,NA,NA,LwrMain,Yukon (CA)
1994,NA,NA,LwrMain,Yukon (CA)
1995,NA,NA,LwrMain,Yukon (CA)
1996,NA,NA,LwrMain,Yukon (CA)
1997,NA,NA,LwrMain,Yukon (CA)
1998,NA,NA,LwrMain,Yukon (CA)
1999,NA,NA,LwrMain,Yukon (CA)
2000,NA,NA,LwrMain,Yukon (CA)
2001,NA,NA,LwrMain,Yukon (CA)
2002,NA,NA,LwrMain,Yukon (CA)
2003,NA,NA,LwrMain,Yukon (CA)
2004,NA,NA,LwrMain,Yukon (CA)
2005,NA,NA,LwrMain,Yukon (CA)
2006,NA,NA,LwrMain,Yukon (CA)
2007,NA,NA,LwrMain,Yukon (CA)
2008,NA,NA,LwrMain,Yukon (CA)
2009,NA,NA,LwrMain,Yukon (CA)
2010,NA,NA,LwrMain,Yukon (CA)
2011,NA,NA,LwrMain,Yukon (CA)
2012,NA,NA,LwrMain,Yukon (CA)
2013,NA,NA,LwrMain,Yukon (CA)
2014,NA,NA,LwrMain,Yukon (CA)
2015,NA,NA,LwrMain,Yukon (CA)
2016,NA,NA,LwrMain,Yukon (CA)
2017,NA,NA,LwrMain,Yukon (CA)
1960,NA,NA,MidMain,Yukon (CA)
1961,NA,NA,MidMain,Yukon (CA)
1962,NA,NA,MidMain,Yukon (CA)
1963,NA,NA,MidMain,Yukon (CA)
1964,NA,NA,MidMain,Yukon (CA)
1965,NA,NA,MidMain,Yukon (CA)
1966,NA,NA,MidMain,Yukon (CA)
1967,NA,NA,MidMain,Yukon (CA)
1968,NA,NA,MidMain,Yukon (CA)
1969,NA,NA,MidMain,Yukon (CA)
1970,NA,NA,MidMain,Yukon (CA)
1971,NA,NA,MidMain,Yukon (CA)
1972,NA,NA,MidMain,Yukon (CA)
1973,NA,NA,MidMain,Yukon (CA)
1974,NA,NA,MidMain,Yukon (CA)
1975,NA,NA,MidMain,Yukon (CA)
1976,NA,NA,MidMain,Yukon (CA)
1977,NA,NA,MidMain,Yukon (CA)
1978,NA,NA,MidMain,Yukon (CA)
1979,NA,NA,MidMain,Yukon (CA)
1980,865,4,MidMain,Yukon (CA)
1981,867.03125,33,MidMain,Yukon (CA)
1982,826.2,5,MidMain,Yukon (CA)
1983,821.4102564,40,MidMain,Yukon (CA)
1984,813.3333333,21,MidMain,Yukon (CA)
1985,850.625,10,MidMain,Yukon (CA)
1986,NA,NA,MidMain,Yukon (CA)
1987,826.875,40,MidMain,Yukon (CA)
1988,826.5384615,17,MidMain,Yukon (CA)
1989,821.7391304,23,MidMain,Yukon (CA)
1990,807.7884615,53,MidMain,Yukon (CA)
1991,NA,NA,MidMain,Yukon (CA)
1992,NA,NA,MidMain,Yukon (CA)
1993,NA,NA,MidMain,Yukon (CA)
1994,NA,NA,MidMain,Yukon (CA)
1995,NA,NA,MidMain,Yukon (CA)
1996,NA,NA,MidMain,Yukon (CA)
1997,NA,NA,MidMain,Yukon (CA)
1998,NA,NA,MidMain,Yukon (CA)
1999,NA,NA,MidMain,Yukon (CA)
2000,NA,NA,MidMain,Yukon (CA)
2001,NA,NA,MidMain,Yukon (CA)
2002,NA,NA,MidMain,Yukon (CA)
2003,NA,NA,MidMain,Yukon (CA)
2004,NA,NA,MidMain,Yukon (CA)
2005,NA,NA,MidMain,Yukon (CA)
2006,NA,NA,MidMain,Yukon (CA)
2007,NA,NA,MidMain,Yukon (CA)
2008,NA,NA,MidMain,Yukon (CA)
2009,NA,NA,MidMain,Yukon (CA)
2010,NA,NA,MidMain,Yukon (CA)
2011,NA,NA,MidMain,Yukon (CA)
2012,NA,NA,MidMain,Yukon (CA)
2013,NA,NA,MidMain,Yukon (CA)
2014,NA,NA,MidMain,Yukon (CA)
2015,NA,NA,MidMain,Yukon (CA)
2016,NA,NA,MidMain,Yukon (CA)
2017,NA,NA,MidMain,Yukon (CA)
1960,NA,NA,Pelly,Yukon (CA)
1961,NA,NA,Pelly,Yukon (CA)
1962,NA,NA,Pelly,Yukon (CA)
1963,NA,NA,Pelly,Yukon (CA)
1964,NA,NA,Pelly,Yukon (CA)
1965,NA,NA,Pelly,Yukon (CA)
1966,NA,2,Pelly,Yukon (CA)
1967,NA,NA,Pelly,Yukon (CA)
1968,NA,NA,Pelly,Yukon (CA)
1969,NA,NA,Pelly,Yukon (CA)
1970,NA,NA,Pelly,Yukon (CA)
1971,NA,NA,Pelly,Yukon (CA)
1972,NA,NA,Pelly,Yukon (CA)
1973,NA,NA,Pelly,Yukon (CA)
1974,NA,NA,Pelly,Yukon (CA)
1975,NA,NA,Pelly,Yukon (CA)
1976,NA,NA,Pelly,Yukon (CA)
1977,NA,NA,Pelly,Yukon (CA)
1978,NA,NA,Pelly,Yukon (CA)
1979,NA,NA,Pelly,Yukon (CA)
1980,NA,NA,Pelly,Yukon (CA)
1981,874.1780822,235,Pelly,Yukon (CA)
1982,874.5454545,11,Pelly,Yukon (CA)
1983,NA,NA,Pelly,Yukon (CA)
1984,NA,NA,Pelly,Yukon (CA)
1985,NA,NA,Pelly,Yukon (CA)
1986,NA,NA,Pelly,Yukon (CA)
1987,NA,NA,Pelly,Yukon (CA)
1988,902.4390244,83,Pelly,Yukon (CA)
1989,868,35,Pelly,Yukon (CA)
1990,NA,NA,Pelly,Yukon (CA)
1991,NA,NA,Pelly,Yukon (CA)
1992,NA,NA,Pelly,Yukon (CA)
1993,NA,NA,Pelly,Yukon (CA)
1994,NA,NA,Pelly,Yukon (CA)
1995,NA,NA,Pelly,Yukon (CA)
1996,NA,NA,Pelly,Yukon (CA)
1997,NA,NA,Pelly,Yukon (CA)
1998,NA,NA,Pelly,Yukon (CA)
1999,NA,NA,Pelly,Yukon (CA)
2000,NA,NA,Pelly,Yukon (CA)
2001,NA,NA,Pelly,Yukon (CA)
2002,NA,NA,Pelly,Yukon (CA)
2003,NA,NA,Pelly,Yukon (CA)
2004,NA,NA,Pelly,Yukon (CA)
2005,NA,NA,Pelly,Yukon (CA)
2006,845,40,Pelly,Yukon (CA)
2007,NA,NA,Pelly,Yukon (CA)
2008,NA,NA,Pelly,Yukon (CA)
2009,NA,NA,Pelly,Yukon (CA)
2010,NA,NA,Pelly,Yukon (CA)
2011,NA,NA,Pelly,Yukon (CA)
2012,NA,NA,Pelly,Yukon (CA)
2013,NA,NA,Pelly,Yukon (CA)
2014,803.5393258,89,Pelly,Yukon (CA)
2015,NA,NA,Pelly,Yukon (CA)
2016,NA,NA,Pelly,Yukon (CA)
2017,NA,NA,Pelly,Yukon (CA)
1960,NA,NA,Stewart,Yukon (CA)
1961,NA,NA,Stewart,Yukon (CA)
1962,NA,NA,Stewart,Yukon (CA)
1963,NA,NA,Stewart,Yukon (CA)
1964,NA,NA,Stewart,Yukon (CA)
1965,NA,NA,Stewart,Yukon (CA)
1966,NA,NA,Stewart,Yukon (CA)
1967,NA,NA,Stewart,Yukon (CA)
1968,NA,NA,Stewart,Yukon (CA)
1969,NA,NA,Stewart,Yukon (CA)
1970,NA,NA,Stewart,Yukon (CA)
1971,NA,NA,Stewart,Yukon (CA)
1972,NA,NA,Stewart,Yukon (CA)
1973,NA,NA,Stewart,Yukon (CA)
1974,NA,NA,Stewart,Yukon (CA)
1975,NA,NA,Stewart,Yukon (CA)
1976,NA,NA,Stewart,Yukon (CA)
1977,NA,NA,Stewart,Yukon (CA)
1978,NA,NA,Stewart,Yukon (CA)
1979,NA,NA,Stewart,Yukon (CA)
1980,NA,NA,Stewart,Yukon (CA)
1981,NA,NA,Stewart,Yukon (CA)
1982,NA,NA,Stewart,Yukon (CA)
1983,NA,NA,Stewart,Yukon (CA)
1984,NA,NA,Stewart,Yukon (CA)
1985,NA,NA,Stewart,Yukon (CA)
1986,NA,NA,Stewart,Yukon (CA)
1987,NA,NA,Stewart,Yukon (CA)
1988,NA,NA,Stewart,Yukon (CA)
1989,NA,NA,Stewart,Yukon (CA)
1990,861.8181818,24,Stewart,Yukon (CA)
1991,NA,NA,Stewart,Yukon (CA)
1992,NA,NA,Stewart,Yukon (CA)
1993,NA,NA,Stewart,Yukon (CA)
1994,NA,NA,Stewart,Yukon (CA)
1995,NA,NA,Stewart,Yukon (CA)
1996,NA,NA,Stewart,Yukon (CA)
1997,NA,NA,Stewart,Yukon (CA)
1998,NA,NA,Stewart,Yukon (CA)
1999,NA,NA,Stewart,Yukon (CA)
2000,NA,NA,Stewart,Yukon (CA)
2001,NA,NA,Stewart,Yukon (CA)
2002,NA,NA,Stewart,Yukon (CA)
2003,NA,NA,Stewart,Yukon (CA)
2004,NA,NA,Stewart,Yukon (CA)
2005,NA,NA,Stewart,Yukon (CA)
2006,NA,NA,Stewart,Yukon (CA)
2007,NA,NA,Stewart,Yukon (CA)
2008,NA,NA,Stewart,Yukon (CA)
2009,NA,NA,Stewart,Yukon (CA)
2010,NA,NA,Stewart,Yukon (CA)
2011,NA,NA,Stewart,Yukon (CA)
2012,NA,NA,Stewart,Yukon (CA)
2013,NA,NA,Stewart,Yukon (CA)
2014,NA,NA,Stewart,Yukon (CA)
2015,NA,NA,Stewart,Yukon (CA)
2016,NA,NA,Stewart,Yukon (CA)
2017,NA,NA,Stewart,Yukon (CA)
1960,NA,NA,Teslin,Yukon (CA)
1961,NA,NA,Teslin,Yukon (CA)
1962,NA,NA,Teslin,Yukon (CA)
1963,NA,NA,Teslin,Yukon (CA)
1964,NA,NA,Teslin,Yukon (CA)
1965,NA,NA,Teslin,Yukon (CA)
1966,NA,NA,Teslin,Yukon (CA)
1967,NA,NA,Teslin,Yukon (CA)
1968,NA,NA,Teslin,Yukon (CA)
1969,NA,NA,Teslin,Yukon (CA)
1970,NA,NA,Teslin,Yukon (CA)
1971,NA,NA,Teslin,Yukon (CA)
1972,NA,NA,Teslin,Yukon (CA)
1973,NA,NA,Teslin,Yukon (CA)
1974,NA,NA,Teslin,Yukon (CA)
1975,NA,NA,Teslin,Yukon (CA)
1976,NA,NA,Teslin,Yukon (CA)
1977,NA,NA,Teslin,Yukon (CA)
1978,NA,NA,Teslin,Yukon (CA)
1979,NA,NA,Teslin,Yukon (CA)
1980,816.673913,71,Teslin,Yukon (CA)
1981,802.1481481,244,Teslin,Yukon (CA)
1982,847.3541667,96,Teslin,Yukon (CA)
1983,826.5642458,182,Teslin,Yukon (CA)
1984,830.873494,166,Teslin,Yukon (CA)
1985,839.5844156,78,Teslin,Yukon (CA)
1986,813.5061728,167,Teslin,Yukon (CA)
1987,825.2941176,17,Teslin,Yukon (CA)
1988,841.7647059,17,Teslin,Yukon (CA)
1989,828.4848485,136,Teslin,Yukon (CA)
1990,811.875,99,Teslin,Yukon (CA)
1991,NA,NA,Teslin,Yukon (CA)
1992,NA,NA,Teslin,Yukon (CA)
1993,NA,NA,Teslin,Yukon (CA)
1994,NA,NA,Teslin,Yukon (CA)
1995,NA,NA,Teslin,Yukon (CA)
1996,NA,NA,Teslin,Yukon (CA)
1997,NA,NA,Teslin,Yukon (CA)
1998,NA,NA,Teslin,Yukon (CA)
1999,NA,NA,Teslin,Yukon (CA)
2000,NA,NA,Teslin,Yukon (CA)
2001,NA,NA,Teslin,Yukon (CA)
2002,NA,NA,Teslin,Yukon (CA)
2003,NA,NA,Teslin,Yukon (CA)
2004,NA,NA,Teslin,Yukon (CA)
2005,NA,NA,Teslin,Yukon (CA)
2006,NA,NA,Teslin,Yukon (CA)
2007,NA,NA,Teslin,Yukon (CA)
2008,NA,NA,Teslin,Yukon (CA)
2009,NA,NA,Teslin,Yukon (CA)
2010,NA,NA,Teslin,Yukon (CA)
2011,NA,NA,Teslin,Yukon (CA)
2012,NA,NA,Teslin,Yukon (CA)
2013,NA,NA,Teslin,Yukon (CA)
2014,847.8597786,304,Teslin,Yukon (CA)
2015,NA,NA,Teslin,Yukon (CA)
2016,NA,NA,Teslin,Yukon (CA)
2017,NA,NA,Teslin,Yukon (CA)
1960,NA,NA,UprLksMain,Yukon (CA)
1961,NA,NA,UprLksMain,Yukon (CA)
1962,NA,NA,UprLksMain,Yukon (CA)
1963,NA,NA,UprLksMain,Yukon (CA)
1964,NA,NA,UprLksMain,Yukon (CA)
1965,NA,NA,UprLksMain,Yukon (CA)
1966,NA,NA,UprLksMain,Yukon (CA)
1967,NA,NA,UprLksMain,Yukon (CA)
1968,NA,NA,UprLksMain,Yukon (CA)
1969,NA,NA,UprLksMain,Yukon (CA)
1970,NA,NA,UprLksMain,Yukon (CA)
1971,NA,NA,UprLksMain,Yukon (CA)
1972,NA,NA,UprLksMain,Yukon (CA)
1973,NA,NA,UprLksMain,Yukon (CA)
1974,NA,NA,UprLksMain,Yukon (CA)
1975,NA,NA,UprLksMain,Yukon (CA)
1976,NA,NA,UprLksMain,Yukon (CA)
1977,NA,NA,UprLksMain,Yukon (CA)
1978,NA,NA,UprLksMain,Yukon (CA)
1979,NA,NA,UprLksMain,Yukon (CA)
1980,NA,NA,UprLksMain,Yukon (CA)
1981,NA,NA,UprLksMain,Yukon (CA)
1982,978.375,8,UprLksMain,Yukon (CA)
1983,NA,NA,UprLksMain,Yukon (CA)
1984,NA,NA,UprLksMain,Yukon (CA)
1985,NA,NA,UprLksMain,Yukon (CA)
1986,NA,NA,UprLksMain,Yukon (CA)
1987,NA,NA,UprLksMain,Yukon (CA)
1988,878.8679245,54,UprLksMain,Yukon (CA)
1989,NA,NA,UprLksMain,Yukon (CA)
1990,883.75,10,UprLksMain,Yukon (CA)
1991,NA,NA,UprLksMain,Yukon (CA)
1992,NA,NA,UprLksMain,Yukon (CA)
1993,NA,NA,UprLksMain,Yukon (CA)
1994,NA,NA,UprLksMain,Yukon (CA)
1995,NA,NA,UprLksMain,Yukon (CA)
1996,NA,NA,UprLksMain,Yukon (CA)
1997,NA,NA,UprLksMain,Yukon (CA)
1998,NA,NA,UprLksMain,Yukon (CA)
1999,NA,NA,UprLksMain,Yukon (CA)
2000,NA,NA,UprLksMain,Yukon (CA)
2001,NA,NA,UprLksMain,Yukon (CA)
2002,NA,NA,UprLksMain,Yukon (CA)
2003,NA,NA,UprLksMain,Yukon (CA)
2004,NA,NA,UprLksMain,Yukon (CA)
2005,NA,NA,UprLksMain,Yukon (CA)
2006,NA,NA,UprLksMain,Yukon (CA)
2007,NA,NA,UprLksMain,Yukon (CA)
2008,NA,NA,UprLksMain,Yukon (CA)
2009,NA,NA,UprLksMain,Yukon (CA)
2010,NA,NA,UprLksMain,Yukon (CA)
2011,NA,NA,UprLksMain,Yukon (CA)
2012,NA,NA,UprLksMain,Yukon (CA)
2013,NA,NA,UprLksMain,Yukon (CA)
2014,NA,NA,UprLksMain,Yukon (CA)
2015,NA,NA,UprLksMain,Yukon (CA)
2016,NA,NA,UprLksMain,Yukon (CA)
2017,NA,NA,UprLksMain,Yukon (CA)
1960,NA,NA,WhiteDonjek,Yukon (CA)
1961,NA,NA,WhiteDonjek,Yukon (CA)
1962,NA,NA,WhiteDonjek,Yukon (CA)
1963,NA,NA,WhiteDonjek,Yukon (CA)
1964,NA,NA,WhiteDonjek,Yukon (CA)
1965,NA,NA,WhiteDonjek,Yukon (CA)
1966,NA,NA,WhiteDonjek,Yukon (CA)
1967,NA,NA,WhiteDonjek,Yukon (CA)
1968,NA,NA,WhiteDonjek,Yukon (CA)
1969,NA,NA,WhiteDonjek,Yukon (CA)
1970,NA,NA,WhiteDonjek,Yukon (CA)
1971,NA,NA,WhiteDonjek,Yukon (CA)
1972,NA,NA,WhiteDonjek,Yukon (CA)
1973,NA,NA,WhiteDonjek,Yukon (CA)
1974,NA,NA,WhiteDonjek,Yukon (CA)
1975,NA,NA,WhiteDonjek,Yukon (CA)
1976,NA,NA,WhiteDonjek,Yukon (CA)
1977,NA,NA,WhiteDonjek,Yukon (CA)
1978,NA,NA,WhiteDonjek,Yukon (CA)
1979,NA,NA,WhiteDonjek,Yukon (CA)
1980,NA,NA,WhiteDonjek,Yukon (CA)
1981,NA,NA,WhiteDonjek,Yukon (CA)
1982,NA,NA,WhiteDonjek,Yukon (CA)
1983,NA,NA,WhiteDonjek,Yukon (CA)
1984,NA,NA,WhiteDonjek,Yukon (CA)
1985,NA,NA,WhiteDonjek,Yukon (CA)
1986,NA,NA,WhiteDonjek,Yukon (CA)
1987,NA,NA,WhiteDonjek,Yukon (CA)
1988,NA,NA,WhiteDonjek,Yukon (CA)
1989,NA,NA,WhiteDonjek,Yukon (CA)
1990,NA,NA,WhiteDonjek,Yukon (CA)
1991,NA,NA,WhiteDonjek,Yukon (CA)
1992,NA,NA,WhiteDonjek,Yukon (CA)
1993,NA,NA,WhiteDonjek,Yukon (CA)
1994,NA,NA,WhiteDonjek,Yukon (CA)
1995,NA,NA,WhiteDonjek,Yukon (CA)
1996,NA,NA,WhiteDonjek,Yukon (CA)
1997,NA,NA,WhiteDonjek,Yukon (CA)
1998,NA,NA,WhiteDonjek,Yukon (CA)
1999,NA,NA,WhiteDonjek,Yukon (CA)
2000,NA,NA,WhiteDonjek,Yukon (CA)
2001,NA,NA,WhiteDonjek,Yukon (CA)
2002,NA,NA,WhiteDonjek,Yukon (CA)
2003,NA,NA,WhiteDonjek,Yukon (CA)
2004,NA,NA,WhiteDonjek,Yukon (CA)
2005,NA,NA,WhiteDonjek,Yukon (CA)
2006,NA,NA,WhiteDonjek,Yukon (CA)
2007,NA,NA,WhiteDonjek,Yukon (CA)
2008,NA,NA,WhiteDonjek,Yukon (CA)
2009,NA,NA,WhiteDonjek,Yukon (CA)
2010,NA,NA,WhiteDonjek,Yukon (CA)
2011,NA,NA,WhiteDonjek,Yukon (CA)
2012,NA,NA,WhiteDonjek,Yukon (CA)
2013,NA,NA,WhiteDonjek,Yukon (CA)
2014,NA,NA,WhiteDonjek,Yukon (CA)
2015,NA,NA,WhiteDonjek,Yukon (CA)
2016,NA,NA,WhiteDonjek,Yukon (CA)
2017,NA,NA,WhiteDonjek,Yukon (CA)
1960,NA,NA,Chena,Yukon (US)
1961,NA,NA,Chena,Yukon (US)
1962,NA,NA,Chena,Yukon (US)
1963,NA,NA,Chena,Yukon (US)
1964,NA,NA,Chena,Yukon (US)
1965,NA,NA,Chena,Yukon (US)
1966,NA,NA,Chena,Yukon (US)
1967,NA,NA,Chena,Yukon (US)
1968,NA,NA,Chena,Yukon (US)
1969,NA,NA,Chena,Yukon (US)
1970,NA,NA,Chena,Yukon (US)
1971,NA,NA,Chena,Yukon (US)
1972,NA,NA,Chena,Yukon (US)
1973,NA,NA,Chena,Yukon (US)
1974,NA,NA,Chena,Yukon (US)
1975,832.4,25,Chena,Yukon (US)
1976,NA,NA,Chena,Yukon (US)
1977,NA,NA,Chena,Yukon (US)
1978,NA,NA,Chena,Yukon (US)
1979,NA,NA,Chena,Yukon (US)
1980,750.4193548,31,Chena,Yukon (US)
1981,783.1666667,67,Chena,Yukon (US)
1982,805.0869565,69,Chena,Yukon (US)
1983,868.7434555,203,Chena,Yukon (US)
1984,851.534413,255,Chena,Yukon (US)
1985,873.7974684,328,Chena,Yukon (US)
1986,841.547619,212,Chena,Yukon (US)
1987,868.7027027,370,Chena,Yukon (US)
1988,871.5625,305,Chena,Yukon (US)
1989,871.0819672,305,Chena,Yukon (US)
1990,868.9265306,490,Chena,Yukon (US)
1991,845.8039216,256,Chena,Yukon (US)
1992,864.2972973,333,Chena,Yukon (US)
1993,841.7105263,38,Chena,Yukon (US)
1994,847.8909091,275,Chena,Yukon (US)
1995,873.023544,808,Chena,Yukon (US)
1996,882.9761337,420,Chena,Yukon (US)
1997,886.7077799,527,Chena,Yukon (US)
1998,797.6635514,107,Chena,Yukon (US)
1999,821.0820896,209,Chena,Yukon (US)
2000,836.9230769,130,Chena,Yukon (US)
2001,NA,253,Chena,Yukon (US)
2002,839.2419825,343,Chena,Yukon (US)
2003,855.9951456,206,Chena,Yukon (US)
2004,868.725,160,Chena,Yukon (US)
2005,811.8395522,268,Chena,Yukon (US)
2006,840.4098361,183,Chena,Yukon (US)
2007,745,30,Chena,Yukon (US)
2008,844.7222222,18,Chena,Yukon (US)
2009,835.2583026,272,Chena,Yukon (US)
2010,817.037037,54,Chena,Yukon (US)
2011,818.6858974,156,Chena,Yukon (US)
2012,798.1818182,132,Chena,Yukon (US)
2013,810.5555556,81,Chena,Yukon (US)
2014,779.852459,123,Chena,Yukon (US)
2015,809.4582043,324,Chena,Yukon (US)
2016,770.6395349,86,Chena,Yukon (US)
2017,NA,NA,Chena,Yukon (US)
1960,NA,NA,EFAndreafsky,Yukon (US)
1961,NA,NA,EFAndreafsky,Yukon (US)
1962,NA,NA,EFAndreafsky,Yukon (US)
1963,NA,NA,EFAndreafsky,Yukon (US)
1964,NA,NA,EFAndreafsky,Yukon (US)
1965,NA,NA,EFAndreafsky,Yukon (US)
1966,NA,NA,EFAndreafsky,Yukon (US)
1967,NA,NA,EFAndreafsky,Yukon (US)
1968,NA,NA,EFAndreafsky,Yukon (US)
1969,NA,NA,EFAndreafsky,Yukon (US)
1970,NA,NA,EFAndreafsky,Yukon (US)
1971,NA,NA,EFAndreafsky,Yukon (US)
1972,NA,NA,EFAndreafsky,Yukon (US)
1973,NA,NA,EFAndreafsky,Yukon (US)
1974,NA,NA,EFAndreafsky,Yukon (US)
1975,NA,NA,EFAndreafsky,Yukon (US)
1976,NA,NA,EFAndreafsky,Yukon (US)
1977,NA,NA,EFAndreafsky,Yukon (US)
1978,NA,NA,EFAndreafsky,Yukon (US)
1979,NA,NA,EFAndreafsky,Yukon (US)
1980,772.2727273,11,EFAndreafsky,Yukon (US)
1981,858.2571429,105,EFAndreafsky,Yukon (US)
1982,739.1891892,37,EFAndreafsky,Yukon (US)
1983,837.7818182,55,EFAndreafsky,Yukon (US)
1984,857.0430108,93,EFAndreafsky,Yukon (US)
1985,856.25,57,EFAndreafsky,Yukon (US)
1986,759.4827586,30,EFAndreafsky,Yukon (US)
1987,843.8362069,119,EFAndreafsky,Yukon (US)
1988,877.6190476,85,EFAndreafsky,Yukon (US)
1989,703.75,4,EFAndreafsky,Yukon (US)
1990,873.3875969,152,EFAndreafsky,Yukon (US)
1991,820.3378378,79,EFAndreafsky,Yukon (US)
1992,875.7142857,7,EFAndreafsky,Yukon (US)
1993,828.8118812,104,EFAndreafsky,Yukon (US)
1994,825.1142857,175,EFAndreafsky,Yukon (US)
1995,821.192053,151,EFAndreafsky,Yukon (US)
1996,738.7710843,166,EFAndreafsky,Yukon (US)
1997,760.1886792,159,EFAndreafsky,Yukon (US)
1998,775.1271186,118,EFAndreafsky,Yukon (US)
1999,812.6339286,112,EFAndreafsky,Yukon (US)
2000,759.8461538,104,EFAndreafsky,Yukon (US)
2001,858.4404762,84,EFAndreafsky,Yukon (US)
2002,772.5757576,99,EFAndreafsky,Yukon (US)
2003,779.7426471,272,EFAndreafsky,Yukon (US)
2004,753.8071066,197,EFAndreafsky,Yukon (US)
2005,773.287037,216,EFAndreafsky,Yukon (US)
2006,772.5925926,216,EFAndreafsky,Yukon (US)
2007,693.6774194,310,EFAndreafsky,Yukon (US)
2008,763.9320388,206,EFAndreafsky,Yukon (US)
2009,826.637931,1392,EFAndreafsky,Yukon (US)
2010,731.3091922,359,EFAndreafsky,Yukon (US)
2011,777.8731343,134,EFAndreafsky,Yukon (US)
2012,777.1156069,173,EFAndreafsky,Yukon (US)
2013,770.5483871,186,EFAndreafsky,Yukon (US)
2014,721.6265823,158,EFAndreafsky,Yukon (US)
2015,821.8687783,221,EFAndreafsky,Yukon (US)
2016,765.0243902,82,EFAndreafsky,Yukon (US)
2017,NA,NA,EFAndreafsky,Yukon (US)
1960,NA,NA,Gisasa,Yukon (US)
1961,NA,NA,Gisasa,Yukon (US)
1962,NA,NA,Gisasa,Yukon (US)
1963,NA,NA,Gisasa,Yukon (US)
1964,NA,NA,Gisasa,Yukon (US)
1965,NA,NA,Gisasa,Yukon (US)
1966,NA,NA,Gisasa,Yukon (US)
1967,NA,NA,Gisasa,Yukon (US)
1968,NA,NA,Gisasa,Yukon (US)
1969,NA,NA,Gisasa,Yukon (US)
1970,NA,NA,Gisasa,Yukon (US)
1971,NA,NA,Gisasa,Yukon (US)
1972,NA,NA,Gisasa,Yukon (US)
1973,NA,NA,Gisasa,Yukon (US)
1974,NA,NA,Gisasa,Yukon (US)
1975,NA,NA,Gisasa,Yukon (US)
1976,NA,NA,Gisasa,Yukon (US)
1977,NA,NA,Gisasa,Yukon (US)
1978,NA,NA,Gisasa,Yukon (US)
1979,NA,NA,Gisasa,Yukon (US)
1980,NA,NA,Gisasa,Yukon (US)
1981,NA,NA,Gisasa,Yukon (US)
1982,830.3636364,11,Gisasa,Yukon (US)
1983,NA,NA,Gisasa,Yukon (US)
1984,NA,NA,Gisasa,Yukon (US)
1985,NA,NA,Gisasa,Yukon (US)
1986,NA,NA,Gisasa,Yukon (US)
1987,871.9642857,75,Gisasa,Yukon (US)
1988,861.0465116,48,Gisasa,Yukon (US)
1989,860,1,Gisasa,Yukon (US)
1990,NA,NA,Gisasa,Yukon (US)
1991,NA,NA,Gisasa,Yukon (US)
1992,NA,NA,Gisasa,Yukon (US)
1993,NA,NA,Gisasa,Yukon (US)
1994,NA,NA,Gisasa,Yukon (US)
1995,851.5168539,178,Gisasa,Yukon (US)
1996,829.3,80,Gisasa,Yukon (US)
1997,837.8928571,140,Gisasa,Yukon (US)
1998,762.2794118,68,Gisasa,Yukon (US)
1999,822.3333333,150,Gisasa,Yukon (US)
2000,817.0617284,243,Gisasa,Yukon (US)
2001,845.6540698,344,Gisasa,Yukon (US)
2002,812.4793388,121,Gisasa,Yukon (US)
2003,812.7230769,196,Gisasa,Yukon (US)
2004,830.9653465,202,Gisasa,Yukon (US)
2005,758.941704,223,Gisasa,Yukon (US)
2006,745.2380952,168,Gisasa,Yukon (US)
2007,791.6783217,144,Gisasa,Yukon (US)
2008,799.2222222,90,Gisasa,Yukon (US)
2009,828.2322581,155,Gisasa,Yukon (US)
2010,774.2267442,172,Gisasa,Yukon (US)
2011,779.3984962,133,Gisasa,Yukon (US)
2012,751.3090129,233,Gisasa,Yukon (US)
2013,824.757764,161,Gisasa,Yukon (US)
2014,801.0384615,26,Gisasa,Yukon (US)
2015,798.5897436,78,Gisasa,Yukon (US)
2016,782.6944444,72,Gisasa,Yukon (US)
2017,NA,NA,Gisasa,Yukon (US)
1960,NA,NA,Salcha,Yukon (US)
1961,NA,NA,Salcha,Yukon (US)
1962,NA,NA,Salcha,Yukon (US)
1963,NA,NA,Salcha,Yukon (US)
1964,NA,NA,Salcha,Yukon (US)
1965,NA,NA,Salcha,Yukon (US)
1966,866.75,8,Salcha,Yukon (US)
1967,NA,NA,Salcha,Yukon (US)
1968,786.6666667,3,Salcha,Yukon (US)
1969,NA,NA,Salcha,Yukon (US)
1970,845.3658537,41,Salcha,Yukon (US)
1971,NA,NA,Salcha,Yukon (US)
1972,899.2329545,176,Salcha,Yukon (US)
1973,908.5,44,Salcha,Yukon (US)
1974,864.9298246,57,Salcha,Yukon (US)
1975,841.9565217,92,Salcha,Yukon (US)
1976,871.6212121,66,Salcha,Yukon (US)
1977,873.6753247,77,Salcha,Yukon (US)
1978,885.8974359,40,Salcha,Yukon (US)
1979,894.375,96,Salcha,Yukon (US)
1980,783.0851064,146,Salcha,Yukon (US)
1981,785.0163265,245,Salcha,Yukon (US)
1982,859.2169312,189,Salcha,Yukon (US)
1983,867.7854671,290,Salcha,Yukon (US)
1984,868.8632813,259,Salcha,Yukon (US)
1985,852.5551471,288,Salcha,Yukon (US)
1986,868.287037,230,Salcha,Yukon (US)
1987,865.4987342,395,Salcha,Yukon (US)
1988,880.711775,572,Salcha,Yukon (US)
1989,886.7836257,172,Salcha,Yukon (US)
1990,883.8238916,816,Salcha,Yukon (US)
1991,856.7354369,422,Salcha,Yukon (US)
1992,871.1278195,276,Salcha,Yukon (US)
1993,839.3959732,149,Salcha,Yukon (US)
1994,842.3611111,288,Salcha,Yukon (US)
1995,852.1311475,366,Salcha,Yukon (US)
1996,871.1857143,350,Salcha,Yukon (US)
1997,874.952381,105,Salcha,Yukon (US)
1998,757.9767442,43,Salcha,Yukon (US)
1999,855.6756757,185,Salcha,Yukon (US)
2000,769.7368421,19,Salcha,Yukon (US)
2001,826.0526316,114,Salcha,Yukon (US)
2002,874.5495495,111,Salcha,Yukon (US)
2003,866.8571429,70,Salcha,Yukon (US)
2004,880.5333333,150,Salcha,Yukon (US)
2005,831.7955182,357,Salcha,Yukon (US)
2006,856.4056225,249,Salcha,Yukon (US)
2007,830.1709402,117,Salcha,Yukon (US)
2008,830.0729927,137,Salcha,Yukon (US)
2009,859.15,200,Salcha,Yukon (US)
2010,806.1607143,168,Salcha,Yukon (US)
2011,843.8446215,251,Salcha,Yukon (US)
2012,819.2338983,296,Salcha,Yukon (US)
2013,833.960396,101,Salcha,Yukon (US)
2014,835.8098592,142,Salcha,Yukon (US)
2015,831.460177,226,Salcha,Yukon (US)
2016,743.4789474,190,Salcha,Yukon (US)
2017,NA,NA,Salcha,Yukon (US)
1960,NA,NA,MainstemLower,Yukon (US)
1961,NA,NA,MainstemLower,Yukon (US)
1962,NA,NA,MainstemLower,Yukon (US)
1963,NA,NA,MainstemLower,Yukon (US)
1964,NA,NA,MainstemLower,Yukon (US)
1965,NA,NA,MainstemLower,Yukon (US)
1966,NA,NA,MainstemLower,Yukon (US)
1967,761.875,42,MainstemLower,Yukon (US)
1968,631.4117647,35,MainstemLower,Yukon (US)
1969,NA,NA,MainstemLower,Yukon (US)
1970,NA,NA,MainstemLower,Yukon (US)
1971,595.2777778,36,MainstemLower,Yukon (US)
1972,NA,NA,MainstemLower,Yukon (US)
1973,846,10,MainstemLower,Yukon (US)
1974,NA,NA,MainstemLower,Yukon (US)
1975,NA,NA,MainstemLower,Yukon (US)
1976,765.0512821,118,MainstemLower,Yukon (US)
1977,831.3910256,313,MainstemLower,Yukon (US)
1978,763.0972222,144,MainstemLower,Yukon (US)
1979,692.6304348,46,MainstemLower,Yukon (US)
1980,717.731405,242,MainstemLower,Yukon (US)
1981,791.4864048,672,MainstemLower,Yukon (US)
1982,667.244,500,MainstemLower,Yukon (US)
1983,726.9680511,626,MainstemLower,Yukon (US)
1984,739.0096735,829,MainstemLower,Yukon (US)
1985,698.9267399,576,MainstemLower,Yukon (US)
1986,761.3391892,827,MainstemLower,Yukon (US)
1987,816.2513602,986,MainstemLower,Yukon (US)
1988,734.0747757,1030,MainstemLower,Yukon (US)
1989,754.6587302,763,MainstemLower,Yukon (US)
1990,748.3060837,1104,MainstemLower,Yukon (US)
1991,757.4166667,899,MainstemLower,Yukon (US)
1992,743.4653061,492,MainstemLower,Yukon (US)
1993,755.1975028,892,MainstemLower,Yukon (US)
1994,764.8200758,1056,MainstemLower,Yukon (US)
1995,766.7912351,1258,MainstemLower,Yukon (US)
1996,708.7996954,1313,MainstemLower,Yukon (US)
1997,708.074856,1588,MainstemLower,Yukon (US)
1998,697.5889621,1214,MainstemLower,Yukon (US)
1999,703.4314429,1416,MainstemLower,Yukon (US)
2000,732.7201493,1350,MainstemLower,Yukon (US)
2001,756.4651568,1728,MainstemLower,Yukon (US)
2002,676.5827787,2410,MainstemLower,Yukon (US)
2003,723.2537556,2501,MainstemLower,Yukon (US)
2004,703.7157414,2861,MainstemLower,Yukon (US)
2005,718.5402771,1956,MainstemLower,Yukon (US)
2006,712.7126963,1536,MainstemLower,Yukon (US)
2007,681.3338983,1773,MainstemLower,Yukon (US)
2008,697.5923685,2159,MainstemLower,Yukon (US)
2009,737.8314046,5023,MainstemLower,Yukon (US)
2010,702.9580247,2439,MainstemLower,Yukon (US)
2011,692.4075865,2692,MainstemLower,Yukon (US)
2012,706.1619645,1920,MainstemLower,Yukon (US)
2013,685.9091653,1225,MainstemLower,Yukon (US)
2014,684.5464135,475,MainstemLower,Yukon (US)
2015,711.0029873,1339,MainstemLower,Yukon (US)
2016,704.3512931,928,MainstemLower,Yukon (US)
2017,NA,NA,MainstemLower,Yukon (US)
1960,NA,NA,MainstemMid,Yukon (US)
1961,NA,NA,MainstemMid,Yukon (US)
1962,NA,NA,MainstemMid,Yukon (US)
1963,NA,NA,MainstemMid,Yukon (US)
1964,NA,NA,MainstemMid,Yukon (US)
1965,NA,NA,MainstemMid,Yukon (US)
1966,787.4545455,26,MainstemMid,Yukon (US)
1967,NA,NA,MainstemMid,Yukon (US)
1968,786.5263158,19,MainstemMid,Yukon (US)
1969,NA,NA,MainstemMid,Yukon (US)
1970,711.0160428,187,MainstemMid,Yukon (US)
1971,NA,NA,MainstemMid,Yukon (US)
1972,877.8978328,323,MainstemMid,Yukon (US)
1973,846.7894737,115,MainstemMid,Yukon (US)
1974,725.7948718,238,MainstemMid,Yukon (US)
1975,758.1610738,298,MainstemMid,Yukon (US)
1976,786.7440476,168,MainstemMid,Yukon (US)
1977,867,86,MainstemMid,Yukon (US)
1978,832.8068182,89,MainstemMid,Yukon (US)
1979,787.3229572,257,MainstemMid,Yukon (US)
1980,701.8021108,406,MainstemMid,Yukon (US)
1981,730.2257182,732,MainstemMid,Yukon (US)
1982,738.3610719,709,MainstemMid,Yukon (US)
1983,796.3943809,1016,MainstemMid,Yukon (US)
1984,767.105753,1198,MainstemMid,Yukon (US)
1985,788.3936262,1227,MainstemMid,Yukon (US)
1986,751.053184,1457,MainstemMid,Yukon (US)
1987,832.7962234,1271,MainstemMid,Yukon (US)
1988,809.7278518,1734,MainstemMid,Yukon (US)
1989,836.6568047,865,MainstemMid,Yukon (US)
1990,778.3063547,3170,MainstemMid,Yukon (US)
1991,782.3940887,1864,MainstemMid,Yukon (US)
1992,712.7509373,1903,MainstemMid,Yukon (US)
1993,711.4821429,845,MainstemMid,Yukon (US)
1994,798.4786535,1221,MainstemMid,Yukon (US)
1995,823.4738062,2163,MainstemMid,Yukon (US)
1996,786.0594109,2012,MainstemMid,Yukon (US)
1997,750.3237262,1944,MainstemMid,Yukon (US)
1998,731.2442105,475,MainstemMid,Yukon (US)
1999,786.2888514,752,MainstemMid,Yukon (US)
2000,712.9684343,794,MainstemMid,Yukon (US)
2001,780.5194805,948,MainstemMid,Yukon (US)
2002,730.7172848,1430,MainstemMid,Yukon (US)
2003,803.648,625,MainstemMid,Yukon (US)
2004,833.5111111,498,MainstemMid,Yukon (US)
2005,779.7872841,1274,MainstemMid,Yukon (US)
2006,774.0473738,972,MainstemMid,Yukon (US)
2007,712.4399038,417,MainstemMid,Yukon (US)
2008,757.7078086,397,MainstemMid,Yukon (US)
2009,765.1516684,993,MainstemMid,Yukon (US)
2010,714.5798561,696,MainstemMid,Yukon (US)
2011,734.0516129,1088,MainstemMid,Yukon (US)
2012,775.7695418,746,MainstemMid,Yukon (US)
2013,753.5574572,411,MainstemMid,Yukon (US)
2014,725.4829268,823,MainstemMid,Yukon (US)
2015,749.5903829,1124,MainstemMid,Yukon (US)
2016,668.1495536,898,MainstemMid,Yukon (US)
2017,NA,NA,MainstemMid,Yukon (US)
1960,826.2280702,57,Yukon (US),Yukon (US)
1961,812.2575758,66,Yukon (US),Yukon (US)
1962,NA,NA,Yukon (US),Yukon (US)
1963,NA,NA,Yukon (US),Yukon (US)
1964,802.305304,773,Yukon (US),Yukon (US)
1965,828.1812999,877,Yukon (US),Yukon (US)
1966,828.962787,1277,Yukon (US),Yukon (US)
1967,839.689008,1125,Yukon (US),Yukon (US)
1968,857.2676969,2007,Yukon (US),Yukon (US)
1969,842.932365,2203,Yukon (US),Yukon (US)
1970,795.1473146,1993,Yukon (US),Yukon (US)
1971,841.7975,2005,Yukon (US),Yukon (US)
1972,865.9918655,1913,Yukon (US),Yukon (US)
1973,850.9046843,2456,Yukon (US),Yukon (US)
1974,810.5042394,2010,Yukon (US),Yukon (US)
1975,789.2574204,1860,Yukon (US),Yukon (US)
1976,814.4446138,1979,Yukon (US),Yukon (US)
1977,861.1192457,1805,Yukon (US),Yukon (US)
1978,825.1362745,2041,Yukon (US),Yukon (US)
1979,787.0938909,2439,Yukon (US),Yukon (US)
1980,772.5434307,2770,Yukon (US),Yukon (US)
1981,812.1004452,3611,Yukon (US),Yukon (US)
1982,791.6485484,4581,Yukon (US),Yukon (US)
1983,790.4288335,6687,Yukon (US),Yukon (US)
1984,795.1137373,6409,Yukon (US),Yukon (US)
1985,800.9432741,7043,Yukon (US),Yukon (US)
1986,794.9672366,9300,Yukon (US),Yukon (US)
1987,833.5233254,8924,Yukon (US),Yukon (US)
1988,800.6568875,8773,Yukon (US),Yukon (US)
1989,810.0828128,6304,Yukon (US),Yukon (US)
1990,782.6820923,8703,Yukon (US),Yukon (US)
1991,795.9923048,8008,Yukon (US),Yukon (US)
1992,786.1907323,7311,Yukon (US),Yukon (US)
1993,775.9972574,7680,Yukon (US),Yukon (US)
1994,795.6899453,7494,Yukon (US),Yukon (US)
1995,811.3897149,9063,Yukon (US),Yukon (US)
1996,789.2102921,8805,Yukon (US),Yukon (US)
1997,780.2962118,9018,Yukon (US),Yukon (US)
1998,764.9040991,6540,Yukon (US),Yukon (US)
1999,794.7586854,8788,Yukon (US),Yukon (US)
2000,775.2932216,6597,Yukon (US),Yukon (US)
2001,795.0345802,8441,Yukon (US),Yukon (US)
2002,763.5238187,10684,Yukon (US),Yukon (US)
2003,801.3444825,11400,Yukon (US),Yukon (US)
2004,784.2937477,14112,Yukon (US),Yukon (US)
2005,779.7046614,11367,Yukon (US),Yukon (US)
2006,775.9268146,10042,Yukon (US),Yukon (US)
2007,759.1739866,10845,Yukon (US),Yukon (US)
2008,744.4141322,8827,Yukon (US),Yukon (US)
2009,764.0544954,10684,Yukon (US),Yukon (US)
2010,734.1537144,11125,Yukon (US),Yukon (US)
2011,738.5376355,10317,Yukon (US),Yukon (US)
2012,747.845604,7311,Yukon (US),Yukon (US)
2013,738.558695,3756,Yukon (US),Yukon (US)
2014,729.1647813,2656,Yukon (US),Yukon (US)
2015,731.0057582,4170,Yukon (US),Yukon (US)
2016,711.5883369,4642,Yukon (US),Yukon (US)
2017,NA,NA,Yukon (US),Yukon (US)
1960,NA,NA,Yukon (CA),Yukon (CA)
1961,NA,NA,Yukon (CA),Yukon (CA)
1962,NA,NA,Yukon (CA),Yukon (CA)
1963,NA,NA,Yukon (CA),Yukon (CA)
1964,NA,NA,Yukon (CA),Yukon (CA)
1965,NA,NA,Yukon (CA),Yukon (CA)
1966,NA,7,Yukon (CA),Yukon (CA)
1967,882.0985915,71,Yukon (CA),Yukon (CA)
1968,904.5,26,Yukon (CA),Yukon (CA)
1969,NA,NA,Yukon (CA),Yukon (CA)
1970,818.8571429,14,Yukon (CA),Yukon (CA)
1971,824.8586957,460,Yukon (CA),Yukon (CA)
1972,886.2888889,45,Yukon (CA),Yukon (CA)
1973,870.7142857,28,Yukon (CA),Yukon (CA)
1974,NA,NA,Yukon (CA),Yukon (CA)
1975,NA,NA,Yukon (CA),Yukon (CA)
1976,NA,NA,Yukon (CA),Yukon (CA)
1977,NA,NA,Yukon (CA),Yukon (CA)
1978,NA,NA,Yukon (CA),Yukon (CA)
1979,NA,NA,Yukon (CA),Yukon (CA)
1980,880.8410042,276,Yukon (CA),Yukon (CA)
1981,865.6408189,1640,Yukon (CA),Yukon (CA)
1982,876.1425856,527,Yukon (CA),Yukon (CA)
1983,876.3678533,953,Yukon (CA),Yukon (CA)
1984,865.1797386,617,Yukon (CA),Yukon (CA)
1985,881.8026172,941,Yukon (CA),Yukon (CA)
1986,853.2741738,841,Yukon (CA),Yukon (CA)
1987,875.0724432,707,Yukon (CA),Yukon (CA)
1988,887.8415584,395,Yukon (CA),Yukon (CA)
1989,853.5528942,511,Yukon (CA),Yukon (CA)
1990,833.1964981,529,Yukon (CA),Yukon (CA)
1991,832.31,300,Yukon (CA),Yukon (CA)
1992,881.1851852,406,Yukon (CA),Yukon (CA)
1993,870.7586207,145,Yukon (CA),Yukon (CA)
1994,868.6075949,158,Yukon (CA),Yukon (CA)
1995,864.2035398,226,Yukon (CA),Yukon (CA)
1996,NA,NA,Yukon (CA),Yukon (CA)
1997,885.6195965,347,Yukon (CA),Yukon (CA)
1998,845.4140127,314,Yukon (CA),Yukon (CA)
1999,877.1489362,236,Yukon (CA),Yukon (CA)
2000,859.1436464,366,Yukon (CA),Yukon (CA)
2001,871.7300613,329,Yukon (CA),Yukon (CA)
2002,842.4528302,106,Yukon (CA),Yukon (CA)
2003,888.7850467,110,Yukon (CA),Yukon (CA)
2004,905.4901961,208,Yukon (CA),Yukon (CA)
2005,853.5851852,270,Yukon (CA),Yukon (CA)
2006,825.6293706,287,Yukon (CA),Yukon (CA)
2007,844.2970297,330,Yukon (CA),Yukon (CA)
2008,847.9733333,377,Yukon (CA),Yukon (CA)
2009,848.9895013,383,Yukon (CA),Yukon (CA)
2010,839.6694215,364,Yukon (CA),Yukon (CA)
2011,830.6666667,639,Yukon (CA),Yukon (CA)
2012,859.5755968,377,Yukon (CA),Yukon (CA)
2013,837.0066667,150,Yukon (CA),Yukon (CA)
2014,833.3967552,718,Yukon (CA),Yukon (CA)
2015,829.8348837,430,Yukon (CA),Yukon (CA)
2016,817.556,250,Yukon (CA),Yukon (CA)
2017,NA,NA,Yukon (CA),Yukon (CA)
1960,NA,NA,Kuskokwim,Kuskokwim
1961,NA,NA,Kuskokwim,Kuskokwim
1962,NA,NA,Kuskokwim,Kuskokwim
1963,NA,NA,Kuskokwim,Kuskokwim
1964,919.004329,463,Kuskokwim,Kuskokwim
1965,927.7149758,209,Kuskokwim,Kuskokwim
1966,918.6501901,263,Kuskokwim,Kuskokwim
1967,902.1207207,555,Kuskokwim,Kuskokwim
1968,889.5855615,374,Kuskokwim,Kuskokwim
1969,876.4739336,431,Kuskokwim,Kuskokwim
1970,866.3759398,133,Kuskokwim,Kuskokwim
1971,902.9903475,518,Kuskokwim,Kuskokwim
1972,894.2185687,517,Kuskokwim,Kuskokwim
1973,876.2944162,591,Kuskokwim,Kuskokwim
1974,875.1022222,456,Kuskokwim,Kuskokwim
1975,823.7296512,344,Kuskokwim,Kuskokwim
1976,871.1832461,764,Kuskokwim,Kuskokwim
1977,867.3586667,750,Kuskokwim,Kuskokwim
1978,898.7979798,1089,Kuskokwim,Kuskokwim
1979,831.0497018,503,Kuskokwim,Kuskokwim
1980,821.0705036,696,Kuskokwim,Kuskokwim
1981,821.8227991,1773,Kuskokwim,Kuskokwim
1982,848.7060811,888,Kuskokwim,Kuskokwim
1983,859.9228792,2340,Kuskokwim,Kuskokwim
1984,869.9875223,1126,Kuskokwim,Kuskokwim
1985,842.0180481,1496,Kuskokwim,Kuskokwim
1986,869.5528169,568,Kuskokwim,Kuskokwim
1987,834.4840183,658,Kuskokwim,Kuskokwim
1988,816.8962901,1189,Kuskokwim,Kuskokwim
1989,831.0439276,774,Kuskokwim,Kuskokwim
1990,816.424,376,Kuskokwim,Kuskokwim
1991,850.4420063,1015,Kuskokwim,Kuskokwim
1992,772.1716814,1145,Kuskokwim,Kuskokwim
1993,808.2361331,635,Kuskokwim,Kuskokwim
1994,796.9709977,864,Kuskokwim,Kuskokwim
1995,835.3584906,1431,Kuskokwim,Kuskokwim
1996,825.3229167,672,Kuskokwim,Kuskokwim
1997,847.6426702,764,Kuskokwim,Kuskokwim
1998,809.8743961,415,Kuskokwim,Kuskokwim
1999,840.0508167,552,Kuskokwim,Kuskokwim
2000,813.4214286,420,Kuskokwim,Kuskokwim
2001,835.4897519,928,Kuskokwim,Kuskokwim
2002,815.8069117,1823,Kuskokwim,Kuskokwim
2003,837.2590325,1651,Kuskokwim,Kuskokwim
2004,830.1304087,1687,Kuskokwim,Kuskokwim
2005,803.9388697,2685,Kuskokwim,Kuskokwim
2006,837.0329341,2339,Kuskokwim,Kuskokwim
2007,819.2942812,2519,Kuskokwim,Kuskokwim
2008,820.0350644,2276,Kuskokwim,Kuskokwim
2009,833.8213296,2915,Kuskokwim,Kuskokwim
2010,817.9191011,1780,Kuskokwim,Kuskokwim
2011,819.6640231,1387,Kuskokwim,Kuskokwim
2012,800.9935305,1082,Kuskokwim,Kuskokwim
2013,829.6099426,1046,Kuskokwim,Kuskokwim
2014,819.8331479,900,Kuskokwim,Kuskokwim
2015,803.6222467,909,Kuskokwim,Kuskokwim
2016,769.6708185,562,Kuskokwim,Kuskokwim
2017,NA,NA,Kuskokwim,Kuskokwim
1960,NA,NA,Unalakleet,Norton Sound
1961,NA,NA,Unalakleet,Norton Sound
1962,NA,NA,Unalakleet,Norton Sound
1963,NA,NA,Unalakleet,Norton Sound
1964,NA,NA,Unalakleet,Norton Sound
1965,NA,NA,Unalakleet,Norton Sound
1966,NA,NA,Unalakleet,Norton Sound
1967,NA,NA,Unalakleet,Norton Sound
1968,NA,NA,Unalakleet,Norton Sound
1969,NA,NA,Unalakleet,Norton Sound
1970,NA,NA,Unalakleet,Norton Sound
1971,NA,NA,Unalakleet,Norton Sound
1972,NA,NA,Unalakleet,Norton Sound
1973,NA,NA,Unalakleet,Norton Sound
1974,NA,NA,Unalakleet,Norton Sound
1975,NA,NA,Unalakleet,Norton Sound
1976,835.5,10,Unalakleet,Norton Sound
1977,855.4444444,9,Unalakleet,Norton Sound
1978,NA,NA,Unalakleet,Norton Sound
1979,NA,NA,Unalakleet,Norton Sound
1980,NA,NA,Unalakleet,Norton Sound
1981,889,9,Unalakleet,Norton Sound
1982,877.75,4,Unalakleet,Norton Sound
1983,840.9354839,31,Unalakleet,Norton Sound
1984,873.0707071,99,Unalakleet,Norton Sound
1985,817.8947368,57,Unalakleet,Norton Sound
1986,864.8,25,Unalakleet,Norton Sound
1987,877.1875,16,Unalakleet,Norton Sound
1988,810,2,Unalakleet,Norton Sound
1989,854.6153846,13,Unalakleet,Norton Sound
1990,685.8333333,18,Unalakleet,Norton Sound
1991,700.64,25,Unalakleet,Norton Sound
1992,661.8181818,11,Unalakleet,Norton Sound
1993,758.8965517,29,Unalakleet,Norton Sound
1994,793.9473684,19,Unalakleet,Norton Sound
1995,811.8,25,Unalakleet,Norton Sound
1996,719.1891892,74,Unalakleet,Norton Sound
1997,830.0833333,60,Unalakleet,Norton Sound
1998,765.4464286,56,Unalakleet,Norton Sound
1999,851.4285714,28,Unalakleet,Norton Sound
2000,797.3529412,17,Unalakleet,Norton Sound
2001,844.2,25,Unalakleet,Norton Sound
2002,851.6666667,3,Unalakleet,Norton Sound
2003,813.75,8,Unalakleet,Norton Sound
2004,826.0909091,11,Unalakleet,Norton Sound
2005,630.8636364,44,Unalakleet,Norton Sound
2006,783,3,Unalakleet,Norton Sound
2007,785.3209877,81,Unalakleet,Norton Sound
2008,809.171875,64,Unalakleet,Norton Sound
2009,842.2457627,118,Unalakleet,Norton Sound
2010,848.6842105,57,Unalakleet,Norton Sound
2011,744.0210526,95,Unalakleet,Norton Sound
2012,777.2073171,82,Unalakleet,Norton Sound
2013,809.952381,84,Unalakleet,Norton Sound
2014,779.6666667,75,Unalakleet,Norton Sound
2015,775.76,75,Unalakleet,Norton Sound
2016,765.1,10,Unalakleet,Norton Sound
2017,NA,NA,Unalakleet,Norton Sound