Project,,,Observation Year,Observation Month/Day,Location,Species,Fish Count,Fish Count,Run
Gisasa River Escapement,,,1994,07/12,Gisasa River,Chinook,212,212,Single Run
Gisasa River Escapement,,,1994,07/13,Gisasa River,Chinook,259,259,Single Run
Gisasa River Escapement,,,1994,07/14,Gisasa River,Chinook,189,189,Single Run
Gisasa River Escapement,,,1994,07/15,Gisasa River,Chinook,239,239,Single Run
Gisasa River Escapement,,,1994,07/16,Gisasa River,Chinook,355,355,Single Run
Gisasa River Escapement,,,1994,07/17,Gisasa River,Chinook,248,248,Single Run
Gisasa River Escapement,,,1994,07/18,Gisasa River,Chinook,219,219,Single Run
Gisasa River Escapement,,,1994,07/19,Gisasa River,Chinook,302,302,Single Run
Gisasa River Escapement,,,1994,07/20,Gisasa River,Chinook,248,248,Single Run
Gisasa River Escapement,,,1994,07/21,Gisasa River,Chinook,70,70,Single Run
Gisasa River Escapement,,,1994,07/22,Gisasa River,Chinook,42,42,Single Run
Gisasa River Escapement,,,1994,07/23,Gisasa River,Chinook,100,100,Single Run
Gisasa River Escapement,,,1994,07/24,Gisasa River,Chinook,99,99,Single Run
Gisasa River Escapement,,,1994,07/25,Gisasa River,Chinook,65,65,Single Run
Gisasa River Escapement,,,1994,07/26,Gisasa River,Chinook,48,48,Single Run
Gisasa River Escapement,,,1994,07/27,Gisasa River,Chinook,39,39,Single Run
Gisasa River Escapement,,,1994,07/28,Gisasa River,Chinook,33,33,Single Run
Gisasa River Escapement,,,1994,07/29,Gisasa River,Chinook,32,32,Single Run
Gisasa River Escapement,,,1994,07/30,Gisasa River,Chinook,24,24,Single Run
Gisasa River Escapement,,,1994,07/31,Gisasa River,Chinook,9,9,Single Run
Gisasa River Escapement,,,1994,08/01,Gisasa River,Chinook,21,21,Single Run
Gisasa River Escapement,,,1994,08/02,Gisasa River,Chinook,12,12,Single Run
Gisasa River Escapement,,,1994,08/03,Gisasa River,Chinook,5,5,Single Run
Gisasa River Escapement,,,1994,08/04,Gisasa River,Chinook,2,2,Single Run
Gisasa River Escapement,,,1994,08/05,Gisasa River,Chinook,3,3,Single Run
Gisasa River Escapement,,,1994,08/06,Gisasa River,Chinook,5,5,Single Run
Gisasa River Escapement,,,1994,08/07,Gisasa River,Chinook,6,6,Single Run
Gisasa River Escapement,,,1994,08/08,Gisasa River,Chinook,1,1,Single Run
Gisasa River Escapement,,,1994,08/09,Gisasa River,Chinook,0,0,Single Run
Gisasa River Escapement,,,1994,08/10,Gisasa River,Chinook,1,1,Single Run
Gisasa River Escapement,,,1995,06/21,Gisasa River,Chinook,0,0,Single Run
Gisasa River Escapement,,,1995,06/22,Gisasa River,Chinook,1,1,Single Run
Gisasa River Escapement,,,1995,06/23,Gisasa River,Chinook,0,0,Single Run
Gisasa River Escapement,,,1995,06/24,Gisasa River,Chinook,2,2,Single Run
Gisasa River Escapement,,,1995,06/25,Gisasa River,Chinook,4,4,Single Run
Gisasa River Escapement,,,1995,06/26,Gisasa River,Chinook,1,1,Single Run
Gisasa River Escapement,,,1995,06/27,Gisasa River,Chinook,5,5,Single Run
Gisasa River Escapement,,,1995,06/28,Gisasa River,Chinook,19,19,Single Run
Gisasa River Escapement,,,1995,06/29,Gisasa River,Chinook,23,23,Single Run
Gisasa River Escapement,,,1995,06/30,Gisasa River,Chinook,46,46,Single Run
Gisasa River Escapement,,,1995,07/01,Gisasa River,Chinook,82,82,Single Run
Gisasa River Escapement,,,1995,07/02,Gisasa River,Chinook,46,46,Single Run
Gisasa River Escapement,,,1995,07/03,Gisasa River,Chinook,35,35,Single Run
Gisasa River Escapement,,,1995,07/04,Gisasa River,Chinook,57,57,Single Run
Gisasa River Escapement,,,1995,07/05,Gisasa River,Chinook,39,39,Single Run
Gisasa River Escapement,,,1995,07/06,Gisasa River,Chinook,92,92,Single Run
Gisasa River Escapement,,,1995,07/07,Gisasa River,Chinook,258,258,Single Run
Gisasa River Escapement,,,1995,07/08,Gisasa River,Chinook,175,175,Single Run
Gisasa River Escapement,,,1995,07/09,Gisasa River,Chinook,184,184,Single Run
Gisasa River Escapement,,,1995,07/10,Gisasa River,Chinook,300,300,Single Run
Gisasa River Escapement,,,1995,07/11,Gisasa River,Chinook,385,385,Single Run
Gisasa River Escapement,,,1995,07/12,Gisasa River,Chinook,281,281,Single Run
Gisasa River Escapement,,,1995,07/13,Gisasa River,Chinook,468,468,Single Run
Gisasa River Escapement,,,1995,07/14,Gisasa River,Chinook,205,205,Single Run
Gisasa River Escapement,,,1995,07/15,Gisasa River,Chinook,104,104,Single Run
Gisasa River Escapement,,,1995,07/16,Gisasa River,Chinook,211,211,Single Run
Gisasa River Escapement,,,1995,07/17,Gisasa River,Chinook,126,126,Single Run
Gisasa River Escapement,,,1995,07/18,Gisasa River,Chinook,72,72,Single Run
Gisasa River Escapement,,,1995,07/19,Gisasa River,Chinook,155,155,Single Run
Gisasa River Escapement,,,1995,07/20,Gisasa River,Chinook,62,62,Single Run
Gisasa River Escapement,,,1995,07/21,Gisasa River,Chinook,87,87,Single Run
Gisasa River Escapement,,,1995,07/22,Gisasa River,Chinook,79,79,Single Run
Gisasa River Escapement,,,1995,07/23,Gisasa River,Chinook,68,68,Single Run
Gisasa River Escapement,,,1995,07/24,Gisasa River,Chinook,87,87,Single Run
Gisasa River Escapement,,,1995,07/25,Gisasa River,Chinook,42,42,Single Run
Gisasa River Escapement,,,1995,07/26,Gisasa River,Chinook,21,21,Single Run
Gisasa River Escapement,,,1995,07/27,Gisasa River,Chinook,45,45,Single Run
Gisasa River Escapement,,,1995,07/28,Gisasa River,Chinook,35,35,Single Run
Gisasa River Escapement,,,1995,07/29,Gisasa River,Chinook,11,11,Single Run
Gisasa River Escapement,,,1995,07/30,Gisasa River,Chinook,42,42,Single Run
Gisasa River Escapement,,,1995,07/31,Gisasa River,Chinook,29,29,Single Run
Gisasa River Escapement,,,1995,08/01,Gisasa River,Chinook,14,14,Single Run
Gisasa River Escapement,,,1995,08/02,Gisasa River,Chinook,8,8,Single Run
Gisasa River Escapement,,,1995,08/03,Gisasa River,Chinook,17,17,Single Run
Gisasa River Escapement,,,1996,06/19,Gisasa River,Chinook,0,0,Single Run
Gisasa River Escapement,,,1996,06/20,Gisasa River,Chinook,4,4,Single Run
Gisasa River Escapement,,,1996,06/21,Gisasa River,Chinook,9,9,Single Run
Gisasa River Escapement,,,1996,06/22,Gisasa River,Chinook,6,6,Single Run
Gisasa River Escapement,,,1996,06/23,Gisasa River,Chinook,8,8,Single Run
Gisasa River Escapement,,,1996,06/24,Gisasa River,Chinook,32,32,Single Run
Gisasa River Escapement,,,1996,06/25,Gisasa River,Chinook,63,63,Single Run
Gisasa River Escapement,,,1996,06/26,Gisasa River,Chinook,69,69,Single Run
Gisasa River Escapement,,,1996,06/27,Gisasa River,Chinook,16,16,Single Run
Gisasa River Escapement,,,1996,06/28,Gisasa River,Chinook,46,46,Single Run
Gisasa River Escapement,,,1996,06/29,Gisasa River,Chinook,76,76,Single Run
Gisasa River Escapement,,,1996,06/30,Gisasa River,Chinook,30,30,Single Run
Gisasa River Escapement,,,1996,07/01,Gisasa River,Chinook,57,57,Single Run
Gisasa River Escapement,,,1996,07/02,Gisasa River,Chinook,72,72,Single Run
Gisasa River Escapement,,,1996,07/03,Gisasa River,Chinook,28,28,Single Run
Gisasa River Escapement,,,1996,07/04,Gisasa River,Chinook,35,35,Single Run
Gisasa River Escapement,,,1996,07/05,Gisasa River,Chinook,41,41,Single Run
Gisasa River Escapement,,,1996,07/06,Gisasa River,Chinook,78,78,Single Run
Gisasa River Escapement,,,1996,07/07,Gisasa River,Chinook,234,234,Single Run
Gisasa River Escapement,,,1996,07/08,Gisasa River,Chinook,51,51,Single Run
Gisasa River Escapement,,,1996,07/09,Gisasa River,Chinook,63,63,Single Run
Gisasa River Escapement,,,1996,07/10,Gisasa River,Chinook,81,81,Single Run
Gisasa River Escapement,,,1996,07/11,Gisasa River,Chinook,70,70,Single Run
Gisasa River Escapement,,,1996,07/12,Gisasa River,Chinook,51,51,Single Run
Gisasa River Escapement,,,1996,07/13,Gisasa River,Chinook,215,215,Single Run
Gisasa River Escapement,,,1996,07/14,Gisasa River,Chinook,158,158,Single Run
Gisasa River Escapement,,,1996,07/15,Gisasa River,Chinook,40,40,Single Run
Gisasa River Escapement,,,1996,07/16,Gisasa River,Chinook,26,26,Single Run
Gisasa River Escapement,,,1996,07/17,Gisasa River,Chinook,14,14,Single Run
Gisasa River Escapement,,,1996,07/18,Gisasa River,Chinook,38,38,Single Run
Gisasa River Escapement,,,1996,07/19,Gisasa River,Chinook,54,54,Single Run
Gisasa River Escapement,,,1996,07/20,Gisasa River,Chinook,93,93,Single Run
Gisasa River Escapement,,,1996,07/21,Gisasa River,Chinook,15,15,Single Run
Gisasa River Escapement,,,1996,07/22,Gisasa River,Chinook,17,17,Single Run
Gisasa River Escapement,,,1996,07/23,Gisasa River,Chinook,18,18,Single Run
Gisasa River Escapement,,,1996,07/24,Gisasa River,Chinook,45,45,Single Run
Gisasa River Escapement,,,1996,07/25,Gisasa River,Chinook,4,4,Single Run
Gisasa River Escapement,,,1996,07/26,Gisasa River,Chinook,21,21,Single Run
Gisasa River Escapement,,,1996,07/27,Gisasa River,Chinook,13,13,Single Run
Gisasa River Escapement,,,1997,06/26,Gisasa River,Chinook,0,0,Single Run
Gisasa River Escapement,,,1997,06/27,Gisasa River,Chinook,1,1,Single Run
Gisasa River Escapement,,,1997,06/28,Gisasa River,Chinook,3,3,Single Run
Gisasa River Escapement,,,1997,06/29,Gisasa River,Chinook,9,9,Single Run
Gisasa River Escapement,,,1997,06/30,Gisasa River,Chinook,2,2,Single Run
Gisasa River Escapement,,,1997,07/01,Gisasa River,Chinook,33,33,Single Run
Gisasa River Escapement,,,1997,07/02,Gisasa River,Chinook,11,11,Single Run
Gisasa River Escapement,,,1997,07/03,Gisasa River,Chinook,6,6,Single Run
Gisasa River Escapement,,,1997,07/04,Gisasa River,Chinook,78,78,Single Run
Gisasa River Escapement,,,1997,07/05,Gisasa River,Chinook,120,120,Single Run
Gisasa River Escapement,,,1997,07/06,Gisasa River,Chinook,64,64,Single Run
Gisasa River Escapement,,,1997,07/07,Gisasa River,Chinook,70,70,Single Run
Gisasa River Escapement,,,1997,07/08,Gisasa River,Chinook,138,138,Single Run
Gisasa River Escapement,,,1997,07/09,Gisasa River,Chinook,310,310,Single Run
Gisasa River Escapement,,,1997,07/10,Gisasa River,Chinook,320,320,Single Run
Gisasa River Escapement,,,1997,07/11,Gisasa River,Chinook,144,144,Single Run
Gisasa River Escapement,,,1997,07/12,Gisasa River,Chinook,424,424,Single Run
Gisasa River Escapement,,,1997,07/13,Gisasa River,Chinook,137,137,Single Run
Gisasa River Escapement,,,1997,07/14,Gisasa River,Chinook,38,38,Single Run
Gisasa River Escapement,,,1997,07/15,Gisasa River,Chinook,112,112,Single Run
Gisasa River Escapement,,,1997,07/16,Gisasa River,Chinook,146,146,Single Run
Gisasa River Escapement,,,1997,07/17,Gisasa River,Chinook,632,632,Single Run
Gisasa River Escapement,,,1997,07/18,Gisasa River,Chinook,92,92,Single Run
Gisasa River Escapement,,,1997,07/19,Gisasa River,Chinook,257,257,Single Run
Gisasa River Escapement,,,1997,07/20,Gisasa River,Chinook,88,88,Single Run
Gisasa River Escapement,,,1997,07/21,Gisasa River,Chinook,91,91,Single Run
Gisasa River Escapement,,,1997,07/22,Gisasa River,Chinook,142,142,Single Run
Gisasa River Escapement,,,1997,07/23,Gisasa River,Chinook,98,98,Single Run
Gisasa River Escapement,,,1997,07/24,Gisasa River,Chinook,38,38,Single Run
Gisasa River Escapement,,,1997,07/25,Gisasa River,Chinook,120,120,Single Run
Gisasa River Escapement,,,1997,07/26,Gisasa River,Chinook,25,25,Single Run
Gisasa River Escapement,,,1997,07/27,Gisasa River,Chinook,15,15,Single Run
Gisasa River Escapement,,,1998,06/21,Gisasa River,Chinook,0,0,Single Run
Gisasa River Escapement,,,1998,06/22,Gisasa River,Chinook,0,0,Single Run
Gisasa River Escapement,,,1998,06/23,Gisasa River,Chinook,0,0,Single Run
Gisasa River Escapement,,,1998,06/24,Gisasa River,Chinook,0,0,Single Run
Gisasa River Escapement,,,1998,06/25,Gisasa River,Chinook,0,0,Single Run
Gisasa River Escapement,,,1998,06/26,Gisasa River,Chinook,0,0,Single Run
Gisasa River Escapement,,,1998,06/27,Gisasa River,Chinook,2,2,Single Run
Gisasa River Escapement,,,1998,06/28,Gisasa River,Chinook,0,0,Single Run
Gisasa River Escapement,,,1998,06/29,Gisasa River,Chinook,1,1,Single Run
Gisasa River Escapement,,,1998,06/30,Gisasa River,Chinook,2,2,Single Run
Gisasa River Escapement,,,1998,07/01,Gisasa River,Chinook,5,5,Single Run
Gisasa River Escapement,,,1998,07/02,Gisasa River,Chinook,13,13,Single Run
Gisasa River Escapement,,,1998,07/03,Gisasa River,Chinook,18,18,Single Run
Gisasa River Escapement,,,1998,07/04,Gisasa River,Chinook,22,22,Single Run
Gisasa River Escapement,,,1998,07/05,Gisasa River,Chinook,26,26,Single Run
Gisasa River Escapement,,,1998,07/06,Gisasa River,Chinook,30,30,Single Run
Gisasa River Escapement,,,1998,07/07,Gisasa River,Chinook,37,37,Single Run
Gisasa River Escapement,,,1998,07/08,Gisasa River,Chinook,71,71,Single Run
Gisasa River Escapement,,,1998,07/09,Gisasa River,Chinook,71,71,Single Run
Gisasa River Escapement,,,1998,07/10,Gisasa River,Chinook,107,107,Single Run
Gisasa River Escapement,,,1998,07/11,Gisasa River,Chinook,116,116,Single Run
Gisasa River Escapement,,,1998,07/12,Gisasa River,Chinook,142,142,Single Run
Gisasa River Escapement,,,1998,07/13,Gisasa River,Chinook,163,163,Single Run
Gisasa River Escapement,,,1998,07/14,Gisasa River,Chinook,225,225,Single Run
Gisasa River Escapement,,,1998,07/15,Gisasa River,Chinook,102,102,Single Run
Gisasa River Escapement,,,1998,07/16,Gisasa River,Chinook,155,155,Single Run
Gisasa River Escapement,,,1998,07/17,Gisasa River,Chinook,115,115,Single Run
Gisasa River Escapement,,,1998,07/18,Gisasa River,Chinook,147,147,Single Run
Gisasa River Escapement,,,1998,07/19,Gisasa River,Chinook,74,74,Single Run
Gisasa River Escapement,,,1998,07/20,Gisasa River,Chinook,62,62,Single Run
Gisasa River Escapement,,,1998,07/21,Gisasa River,Chinook,50,50,Single Run
Gisasa River Escapement,,,1998,07/22,Gisasa River,Chinook,75,75,Single Run
Gisasa River Escapement,,,1998,07/23,Gisasa River,Chinook,54,54,Single Run
Gisasa River Escapement,,,1998,07/24,Gisasa River,Chinook,90,90,Single Run
Gisasa River Escapement,,,1998,07/25,Gisasa River,Chinook,84,84,Single Run
Gisasa River Escapement,,,1998,07/26,Gisasa River,Chinook,78,78,Single Run
Gisasa River Escapement,,,1998,07/27,Gisasa River,Chinook,73,73,Single Run
Gisasa River Escapement,,,1998,07/28,Gisasa River,Chinook,67,67,Single Run
Gisasa River Escapement,,,1998,07/29,Gisasa River,Chinook,61,61,Single Run
Gisasa River Escapement,,,1998,07/30,Gisasa River,Chinook,33,33,Single Run
Gisasa River Escapement,,,1998,07/31,Gisasa River,Chinook,17,17,Single Run
Gisasa River Escapement,,,1998,08/01,Gisasa River,Chinook,14,14,Single Run
Gisasa River Escapement,,,1998,08/02,Gisasa River,Chinook,12,12,Single Run
Gisasa River Escapement,,,1999,06/23,Gisasa River,Chinook,0,0,Single Run
Gisasa River Escapement,,,1999,06/24,Gisasa River,Chinook,0,0,Single Run
Gisasa River Escapement,,,1999,06/25,Gisasa River,Chinook,0,0,Single Run
Gisasa River Escapement,,,1999,06/26,Gisasa River,Chinook,0,0,Single Run
Gisasa River Escapement,,,1999,06/27,Gisasa River,Chinook,0,0,Single Run
Gisasa River Escapement,,,1999,06/28,Gisasa River,Chinook,1,1,Single Run
Gisasa River Escapement,,,1999,06/29,Gisasa River,Chinook,0,0,Single Run
Gisasa River Escapement,,,1999,06/30,Gisasa River,Chinook,0,0,Single Run
Gisasa River Escapement,,,1999,07/01,Gisasa River,Chinook,0,0,Single Run
Gisasa River Escapement,,,1999,07/02,Gisasa River,Chinook,0,0,Single Run
Gisasa River Escapement,,,1999,07/03,Gisasa River,Chinook,0,0,Single Run
Gisasa River Escapement,,,1999,07/04,Gisasa River,Chinook,0,0,Single Run
Gisasa River Escapement,,,1999,07/05,Gisasa River,Chinook,1,1,Single Run
Gisasa River Escapement,,,1999,07/06,Gisasa River,Chinook,2,2,Single Run
Gisasa River Escapement,,,1999,07/07,Gisasa River,Chinook,1,1,Single Run
Gisasa River Escapement,,,1999,07/08,Gisasa River,Chinook,5,5,Single Run
Gisasa River Escapement,,,1999,07/09,Gisasa River,Chinook,45,45,Single Run
Gisasa River Escapement,,,1999,07/10,Gisasa River,Chinook,60,60,Single Run
Gisasa River Escapement,,,1999,07/11,Gisasa River,Chinook,80,80,Single Run
Gisasa River Escapement,,,1999,07/12,Gisasa River,Chinook,19,19,Single Run
Gisasa River Escapement,,,1999,07/13,Gisasa River,Chinook,83,83,Single Run
Gisasa River Escapement,,,1999,07/14,Gisasa River,Chinook,49,49,Single Run
Gisasa River Escapement,,,1999,07/15,Gisasa River,Chinook,50,50,Single Run
Gisasa River Escapement,,,1999,07/16,Gisasa River,Chinook,89,89,Single Run
Gisasa River Escapement,,,1999,07/17,Gisasa River,Chinook,37,37,Single Run
Gisasa River Escapement,,,1999,07/18,Gisasa River,Chinook,154,154,Single Run
Gisasa River Escapement,,,1999,07/19,Gisasa River,Chinook,30,30,Single Run
Gisasa River Escapement,,,1999,07/20,Gisasa River,Chinook,397,397,Single Run
Gisasa River Escapement,,,1999,07/21,Gisasa River,Chinook,363,363,Single Run
Gisasa River Escapement,,,1999,07/22,Gisasa River,Chinook,27,27,Single Run
Gisasa River Escapement,,,1999,07/23,Gisasa River,Chinook,26,26,Single Run
Gisasa River Escapement,,,1999,07/24,Gisasa River,Chinook,70,70,Single Run
Gisasa River Escapement,,,1999,07/25,Gisasa River,Chinook,307,307,Single Run
Gisasa River Escapement,,,1999,07/26,Gisasa River,Chinook,276,276,Single Run
Gisasa River Escapement,,,1999,07/27,Gisasa River,Chinook,103,103,Single Run
Gisasa River Escapement,,,1999,07/28,Gisasa River,Chinook,106,106,Single Run
Gisasa River Escapement,,,1999,07/29,Gisasa River,Chinook,68,68,Single Run
Gisasa River Escapement,,,1999,07/30,Gisasa River,Chinook,40,40,Single Run
Gisasa River Escapement,,,1999,07/31,Gisasa River,Chinook,33,33,Single Run
Gisasa River Escapement,,,1999,08/01,Gisasa River,Chinook,27,27,Single Run
Gisasa River Escapement,,,1999,08/02,Gisasa River,Chinook,20,20,Single Run
Gisasa River Escapement,,,1999,08/03,Gisasa River,Chinook,13,13,Single Run
Gisasa River Escapement,,,1999,08/04,Gisasa River,Chinook,13,13,Single Run
Gisasa River Escapement,,,1999,08/05,Gisasa River,Chinook,15,15,Single Run
Gisasa River Escapement,,,1999,08/06,Gisasa River,Chinook,23,23,Single Run
Gisasa River Escapement,,,1999,08/07,Gisasa River,Chinook,11,11,Single Run
Gisasa River Escapement,,,2000,06/28,Gisasa River,Chinook,0,0,Single Run
Gisasa River Escapement,,,2000,06/29,Gisasa River,Chinook,0,0,Single Run
Gisasa River Escapement,,,2000,06/30,Gisasa River,Chinook,0,0,Single Run
Gisasa River Escapement,,,2000,07/01,Gisasa River,Chinook,0,0,Single Run
Gisasa River Escapement,,,2000,07/02,Gisasa River,Chinook,0,0,Single Run
Gisasa River Escapement,,,2000,07/03,Gisasa River,Chinook,0,0,Single Run
Gisasa River Escapement,,,2000,07/04,Gisasa River,Chinook,0,0,Single Run
Gisasa River Escapement,,,2000,07/05,Gisasa River,Chinook,0,0,Single Run
Gisasa River Escapement,,,2000,07/06,Gisasa River,Chinook,13,13,Single Run
Gisasa River Escapement,,,2000,07/07,Gisasa River,Chinook,8,8,Single Run
Gisasa River Escapement,,,2000,07/08,Gisasa River,Chinook,70,70,Single Run
Gisasa River Escapement,,,2000,07/09,Gisasa River,Chinook,40,40,Single Run
Gisasa River Escapement,,,2000,07/10,Gisasa River,Chinook,21,21,Single Run
Gisasa River Escapement,,,2000,07/11,Gisasa River,Chinook,28,28,Single Run
Gisasa River Escapement,,,2000,07/12,Gisasa River,Chinook,40,40,Single Run
Gisasa River Escapement,,,2000,07/13,Gisasa River,Chinook,82,82,Single Run
Gisasa River Escapement,,,2000,07/14,Gisasa River,Chinook,103,103,Single Run
Gisasa River Escapement,,,2000,07/15,Gisasa River,Chinook,345,345,Single Run
Gisasa River Escapement,,,2000,07/16,Gisasa River,Chinook,223,223,Single Run
Gisasa River Escapement,,,2000,07/17,Gisasa River,Chinook,59,59,Single Run
Gisasa River Escapement,,,2000,07/18,Gisasa River,Chinook,177,177,Single Run
Gisasa River Escapement,,,2000,07/19,Gisasa River,Chinook,66,66,Single Run
Gisasa River Escapement,,,2000,07/20,Gisasa River,Chinook,41,41,Single Run
Gisasa River Escapement,,,2000,07/21,Gisasa River,Chinook,66,66,Single Run
Gisasa River Escapement,,,2000,07/22,Gisasa River,Chinook,188,188,Single Run
Gisasa River Escapement,,,2000,07/23,Gisasa River,Chinook,53,53,Single Run
Gisasa River Escapement,,,2000,07/24,Gisasa River,Chinook,89,89,Single Run
Gisasa River Escapement,,,2000,07/25,Gisasa River,Chinook,42,42,Single Run
Gisasa River Escapement,,,2000,07/26,Gisasa River,Chinook,13,13,Single Run
Gisasa River Escapement,,,2000,07/27,Gisasa River,Chinook,23,23,Single Run
Gisasa River Escapement,,,2000,07/28,Gisasa River,Chinook,18,18,Single Run
Gisasa River Escapement,,,2000,07/29,Gisasa River,Chinook,79,79,Single Run
Gisasa River Escapement,,,2000,07/30,Gisasa River,Chinook,52,52,Single Run
Gisasa River Escapement,,,2000,07/31,Gisasa River,Chinook,27,27,Single Run
Gisasa River Escapement,,,2000,08/01,Gisasa River,Chinook,27,27,Single Run
Gisasa River Escapement,,,2000,08/02,Gisasa River,Chinook,34,34,Single Run
Gisasa River Escapement,,,2000,08/03,Gisasa River,Chinook,24,24,Single Run
Gisasa River Escapement,,,2000,08/04,Gisasa River,Chinook,16,16,Single Run
Gisasa River Escapement,,,2000,08/05,Gisasa River,Chinook,10,10,Single Run
Gisasa River Escapement,,,2000,08/06,Gisasa River,Chinook,3,3,Single Run
Gisasa River Escapement,,,2000,08/07,Gisasa River,Chinook,9,9,Single Run
Gisasa River Escapement,,,2001,07/07,Gisasa River,Chinook,18,18,Single Run
Gisasa River Escapement,,,2001,07/08,Gisasa River,Chinook,41,41,Single Run
Gisasa River Escapement,,,2001,07/09,Gisasa River,Chinook,43,43,Single Run
Gisasa River Escapement,,,2001,07/10,Gisasa River,Chinook,26,26,Single Run
Gisasa River Escapement,,,2001,07/11,Gisasa River,Chinook,100,100,Single Run
Gisasa River Escapement,,,2001,07/12,Gisasa River,Chinook,63,63,Single Run
Gisasa River Escapement,,,2001,07/13,Gisasa River,Chinook,63,63,Single Run
Gisasa River Escapement,,,2001,07/14,Gisasa River,Chinook,117,117,Single Run
Gisasa River Escapement,,,2001,07/15,Gisasa River,Chinook,306,306,Single Run
Gisasa River Escapement,,,2001,07/16,Gisasa River,Chinook,196,196,Single Run
Gisasa River Escapement,,,2001,07/17,Gisasa River,Chinook,299,299,Single Run
Gisasa River Escapement,,,2001,07/18,Gisasa River,Chinook,238,238,Single Run
Gisasa River Escapement,,,2001,07/19,Gisasa River,Chinook,258,258,Single Run
Gisasa River Escapement,,,2001,07/20,Gisasa River,Chinook,388,388,Single Run
Gisasa River Escapement,,,2001,07/21,Gisasa River,Chinook,254,254,Single Run
Gisasa River Escapement,,,2001,07/22,Gisasa River,Chinook,74,74,Single Run
Gisasa River Escapement,,,2001,07/23,Gisasa River,Chinook,44,44,Single Run
Gisasa River Escapement,,,2001,07/24,Gisasa River,Chinook,25,25,Single Run
Gisasa River Escapement,,,2001,07/25,Gisasa River,Chinook,36,36,Single Run
Gisasa River Escapement,,,2001,07/26,Gisasa River,Chinook,37,37,Single Run
Gisasa River Escapement,,,2001,07/27,Gisasa River,Chinook,14,14,Single Run
Gisasa River Escapement,,,2001,07/28,Gisasa River,Chinook,27,27,Single Run
Gisasa River Escapement,,,2001,07/29,Gisasa River,Chinook,149,149,Single Run
Gisasa River Escapement,,,2001,07/30,Gisasa River,Chinook,20,20,Single Run
Gisasa River Escapement,,,2001,07/31,Gisasa River,Chinook,88,88,Single Run
Gisasa River Escapement,,,2001,08/01,Gisasa River,Chinook,18,18,Single Run
Gisasa River Escapement,,,2001,08/02,Gisasa River,Chinook,23,23,Single Run
Gisasa River Escapement,,,2001,08/03,Gisasa River,Chinook,9,9,Single Run
Gisasa River Escapement,,,2001,08/04,Gisasa River,Chinook,28,28,Single Run
Gisasa River Escapement,,,2001,08/05,Gisasa River,Chinook,29,29,Single Run
Gisasa River Escapement,,,2001,08/06,Gisasa River,Chinook,12,12,Single Run
Gisasa River Escapement,,,2001,08/07,Gisasa River,Chinook,4,4,Single Run
Gisasa River Escapement,,,2001,08/08,Gisasa River,Chinook,5,5,Single Run
Gisasa River Escapement,,,2002,06/22,Gisasa River,Chinook,0,0,Single Run
Gisasa River Escapement,,,2002,06/23,Gisasa River,Chinook,0,0,Single Run
Gisasa River Escapement,,,2002,06/24,Gisasa River,Chinook,0,0,Single Run
Gisasa River Escapement,,,2002,06/25,Gisasa River,Chinook,0,0,Single Run
Gisasa River Escapement,,,2002,06/26,Gisasa River,Chinook,1,1,Single Run
Gisasa River Escapement,,,2002,06/27,Gisasa River,Chinook,0,0,Single Run
Gisasa River Escapement,,,2002,06/28,Gisasa River,Chinook,3,3,Single Run
Gisasa River Escapement,,,2002,06/29,Gisasa River,Chinook,0,0,Single Run
Gisasa River Escapement,,,2002,06/30,Gisasa River,Chinook,4,4,Single Run
Gisasa River Escapement,,,2002,07/01,Gisasa River,Chinook,5,5,Single Run
Gisasa River Escapement,,,2002,07/02,Gisasa River,Chinook,5,5,Single Run
Gisasa River Escapement,,,2002,07/03,Gisasa River,Chinook,9,9,Single Run
Gisasa River Escapement,,,2002,07/04,Gisasa River,Chinook,0,0,Single Run
Gisasa River Escapement,,,2002,07/05,Gisasa River,Chinook,15,15,Single Run
Gisasa River Escapement,,,2002,07/06,Gisasa River,Chinook,41,41,Single Run
Gisasa River Escapement,,,2002,07/07,Gisasa River,Chinook,134,134,Single Run
Gisasa River Escapement,,,2002,07/08,Gisasa River,Chinook,103,103,Single Run
Gisasa River Escapement,,,2002,07/09,Gisasa River,Chinook,135,135,Single Run
Gisasa River Escapement,,,2002,07/10,Gisasa River,Chinook,134,134,Single Run
Gisasa River Escapement,,,2002,07/11,Gisasa River,Chinook,100,100,Single Run
Gisasa River Escapement,,,2002,07/12,Gisasa River,Chinook,259,259,Single Run
Gisasa River Escapement,,,2002,07/13,Gisasa River,Chinook,359,359,Single Run
Gisasa River Escapement,,,2002,07/14,Gisasa River,Chinook,66,66,Single Run
Gisasa River Escapement,,,2002,07/15,Gisasa River,Chinook,78,78,Single Run
Gisasa River Escapement,,,2002,07/16,Gisasa River,Chinook,37,37,Single Run
Gisasa River Escapement,,,2002,07/17,Gisasa River,Chinook,48,48,Single Run
Gisasa River Escapement,,,2002,07/18,Gisasa River,Chinook,23,23,Single Run
Gisasa River Escapement,,,2002,07/19,Gisasa River,Chinook,37,37,Single Run
Gisasa River Escapement,,,2002,07/20,Gisasa River,Chinook,63,63,Single Run
Gisasa River Escapement,,,2002,07/21,Gisasa River,Chinook,22,22,Single Run
Gisasa River Escapement,,,2002,07/22,Gisasa River,Chinook,27,27,Single Run
Gisasa River Escapement,,,2002,07/23,Gisasa River,Chinook,16,16,Single Run
Gisasa River Escapement,,,2002,07/24,Gisasa River,Chinook,18,18,Single Run
Gisasa River Escapement,,,2002,07/25,Gisasa River,Chinook,15,15,Single Run
Gisasa River Escapement,,,2002,07/26,Gisasa River,Chinook,73,73,Single Run
Gisasa River Escapement,,,2002,07/27,Gisasa River,Chinook,91,91,Single Run
Gisasa River Escapement,,,2002,07/28,Gisasa River,Chinook,61,61,Single Run
Gisasa River Escapement,,,2002,07/29,Gisasa River,Chinook,32,32,Single Run
Gisasa River Escapement,,,2002,07/30,Gisasa River,Chinook,2,2,Single Run
Gisasa River Escapement,,,2002,07/31,Gisasa River,Chinook,9,9,Single Run
Gisasa River Escapement,,,2003,06/28,Gisasa River,Chinook,2,2,Single Run
Gisasa River Escapement,,,2003,06/29,Gisasa River,Chinook,8,8,Single Run
Gisasa River Escapement,,,2003,06/30,Gisasa River,Chinook,8,8,Single Run
Gisasa River Escapement,,,2003,07/01,Gisasa River,Chinook,25,25,Single Run
Gisasa River Escapement,,,2003,07/02,Gisasa River,Chinook,32,32,Single Run
Gisasa River Escapement,,,2003,07/03,Gisasa River,Chinook,25,25,Single Run
Gisasa River Escapement,,,2003,07/04,Gisasa River,Chinook,18,18,Single Run
Gisasa River Escapement,,,2003,07/05,Gisasa River,Chinook,11,11,Single Run
Gisasa River Escapement,,,2003,07/06,Gisasa River,Chinook,23,23,Single Run
Gisasa River Escapement,,,2003,07/07,Gisasa River,Chinook,36,36,Single Run
Gisasa River Escapement,,,2003,07/08,Gisasa River,Chinook,73,73,Single Run
Gisasa River Escapement,,,2003,07/09,Gisasa River,Chinook,186,186,Single Run
Gisasa River Escapement,,,2003,07/10,Gisasa River,Chinook,222,222,Single Run
Gisasa River Escapement,,,2003,07/11,Gisasa River,Chinook,109,109,Single Run
Gisasa River Escapement,,,2003,07/12,Gisasa River,Chinook,88,88,Single Run
Gisasa River Escapement,,,2003,07/13,Gisasa River,Chinook,120,120,Single Run
Gisasa River Escapement,,,2003,07/14,Gisasa River,Chinook,26,26,Single Run
Gisasa River Escapement,,,2003,07/15,Gisasa River,Chinook,79,79,Single Run
Gisasa River Escapement,,,2003,07/16,Gisasa River,Chinook,41,41,Single Run
Gisasa River Escapement,,,2003,07/17,Gisasa River,Chinook,94,94,Single Run
Gisasa River Escapement,,,2003,07/18,Gisasa River,Chinook,217,217,Single Run
Gisasa River Escapement,,,2003,07/19,Gisasa River,Chinook,102,102,Single Run
Gisasa River Escapement,,,2003,07/20,Gisasa River,Chinook,94,94,Single Run
Gisasa River Escapement,,,2003,07/21,Gisasa River,Chinook,50,50,Single Run
Gisasa River Escapement,,,2003,07/22,Gisasa River,Chinook,57,57,Single Run
Gisasa River Escapement,,,2003,07/23,Gisasa River,Chinook,11,11,Single Run
Gisasa River Escapement,,,2003,07/24,Gisasa River,Chinook,53,53,Single Run
Gisasa River Escapement,,,2003,07/25,Gisasa River,Chinook,8,8,Single Run
Gisasa River Escapement,,,2003,07/26,Gisasa River,Chinook,22,22,Single Run
Gisasa River Escapement,,,2003,07/27,Gisasa River,Chinook,8,8,Single Run
Gisasa River Escapement,,,2003,07/28,Gisasa River,Chinook,9,9,Single Run
Gisasa River Escapement,,,2003,07/29,Gisasa River,Chinook,16,16,Single Run
Gisasa River Escapement,,,2003,07/30,Gisasa River,Chinook,6,6,Single Run
Gisasa River Escapement,,,2003,07/31,Gisasa River,Chinook,3,3,Single Run
Gisasa River Escapement,,,2003,08/01,Gisasa River,Chinook,13,13,Single Run
Gisasa River Escapement,,,2003,08/02,Gisasa River,Chinook,0,0,Single Run
Gisasa River Escapement,,,2003,08/03,Gisasa River,Chinook,6,6,Single Run
Gisasa River Escapement,,,2004,06/24,Gisasa River,Chinook,0,0,Single Run
Gisasa River Escapement,,,2004,06/25,Gisasa River,Chinook,0,0,Single Run
Gisasa River Escapement,,,2004,06/26,Gisasa River,Chinook,14,14,Single Run
Gisasa River Escapement,,,2004,06/27,Gisasa River,Chinook,14,14,Single Run
Gisasa River Escapement,,,2004,06/28,Gisasa River,Chinook,6,6,Single Run
Gisasa River Escapement,,,2004,06/29,Gisasa River,Chinook,9,9,Single Run
Gisasa River Escapement,,,2004,06/30,Gisasa River,Chinook,14,14,Single Run
Gisasa River Escapement,,,2004,07/01,Gisasa River,Chinook,14,14,Single Run
Gisasa River Escapement,,,2004,07/02,Gisasa River,Chinook,18,18,Single Run
Gisasa River Escapement,,,2004,07/03,Gisasa River,Chinook,35,35,Single Run
Gisasa River Escapement,,,2004,07/04,Gisasa River,Chinook,10,10,Single Run
Gisasa River Escapement,,,2004,07/05,Gisasa River,Chinook,36,36,Single Run
Gisasa River Escapement,,,2004,07/06,Gisasa River,Chinook,38,38,Single Run
Gisasa River Escapement,,,2004,07/07,Gisasa River,Chinook,39,39,Single Run
Gisasa River Escapement,,,2004,07/08,Gisasa River,Chinook,34,34,Single Run
Gisasa River Escapement,,,2004,07/09,Gisasa River,Chinook,283,283,Single Run
Gisasa River Escapement,,,2004,07/10,Gisasa River,Chinook,127,127,Single Run
Gisasa River Escapement,,,2004,07/11,Gisasa River,Chinook,147,147,Single Run
Gisasa River Escapement,,,2004,07/12,Gisasa River,Chinook,17,17,Single Run
Gisasa River Escapement,,,2004,07/13,Gisasa River,Chinook,142,142,Single Run
Gisasa River Escapement,,,2004,07/14,Gisasa River,Chinook,55,55,Single Run
Gisasa River Escapement,,,2004,07/15,Gisasa River,Chinook,265,265,Single Run
Gisasa River Escapement,,,2004,07/16,Gisasa River,Chinook,40,40,Single Run
Gisasa River Escapement,,,2004,07/17,Gisasa River,Chinook,170,170,Single Run
Gisasa River Escapement,,,2004,07/18,Gisasa River,Chinook,47,47,Single Run
Gisasa River Escapement,,,2004,07/19,Gisasa River,Chinook,11,11,Single Run
Gisasa River Escapement,,,2004,07/20,Gisasa River,Chinook,19,19,Single Run
Gisasa River Escapement,,,2004,07/21,Gisasa River,Chinook,18,18,Single Run
Gisasa River Escapement,,,2004,07/22,Gisasa River,Chinook,20,20,Single Run
Gisasa River Escapement,,,2004,07/23,Gisasa River,Chinook,28,28,Single Run
Gisasa River Escapement,,,2004,07/24,Gisasa River,Chinook,20,20,Single Run
Gisasa River Escapement,,,2004,07/25,Gisasa River,Chinook,15,15,Single Run
Gisasa River Escapement,,,2004,07/26,Gisasa River,Chinook,13,13,Single Run
Gisasa River Escapement,,,2004,07/27,Gisasa River,Chinook,12,12,Single Run
Gisasa River Escapement,,,2004,07/28,Gisasa River,Chinook,8,8,Single Run
Gisasa River Escapement,,,2004,07/29,Gisasa River,Chinook,15,15,Single Run
Gisasa River Escapement,,,2004,07/30,Gisasa River,Chinook,13,13,Single Run
Gisasa River Escapement,,,2004,07/31,Gisasa River,Chinook,7,7,Single Run
Gisasa River Escapement,,,2004,08/01,Gisasa River,Chinook,1,1,Single Run
Gisasa River Escapement,,,2005,06/29,Gisasa River,Chinook,37,37,Single Run
Gisasa River Escapement,,,2005,06/30,Gisasa River,Chinook,21,21,Single Run
Gisasa River Escapement,,,2005,07/01,Gisasa River,Chinook,25,25,Single Run
Gisasa River Escapement,,,2005,07/02,Gisasa River,Chinook,45,45,Single Run
Gisasa River Escapement,,,2005,07/03,Gisasa River,Chinook,29,29,Single Run
Gisasa River Escapement,,,2005,07/04,Gisasa River,Chinook,39,39,Single Run
Gisasa River Escapement,,,2005,07/05,Gisasa River,Chinook,42,42,Single Run
Gisasa River Escapement,,,2005,07/06,Gisasa River,Chinook,229,229,Single Run
Gisasa River Escapement,,,2005,07/07,Gisasa River,Chinook,256,256,Single Run
Gisasa River Escapement,,,2005,07/08,Gisasa River,Chinook,145,145,Single Run
Gisasa River Escapement,,,2005,07/09,Gisasa River,Chinook,158,158,Single Run
Gisasa River Escapement,,,2005,07/10,Gisasa River,Chinook,93,93,Single Run
Gisasa River Escapement,,,2005,07/11,Gisasa River,Chinook,93,93,Single Run
Gisasa River Escapement,,,2005,07/12,Gisasa River,Chinook,329,329,Single Run
Gisasa River Escapement,,,2005,07/13,Gisasa River,Chinook,255,255,Single Run
Gisasa River Escapement,,,2005,07/14,Gisasa River,Chinook,197,197,Single Run
Gisasa River Escapement,,,2005,07/15,Gisasa River,Chinook,125,125,Single Run
Gisasa River Escapement,,,2005,07/16,Gisasa River,Chinook,208,208,Single Run
Gisasa River Escapement,,,2005,07/17,Gisasa River,Chinook,86,86,Single Run
Gisasa River Escapement,,,2005,07/18,Gisasa River,Chinook,179,179,Single Run
Gisasa River Escapement,,,2005,07/19,Gisasa River,Chinook,58,58,Single Run
Gisasa River Escapement,,,2005,07/20,Gisasa River,Chinook,47,47,Single Run
Gisasa River Escapement,,,2005,07/21,Gisasa River,Chinook,130,130,Single Run
Gisasa River Escapement,,,2005,07/22,Gisasa River,Chinook,80,80,Single Run
Gisasa River Escapement,,,2005,07/23,Gisasa River,Chinook,58,58,Single Run
Gisasa River Escapement,,,2005,07/24,Gisasa River,Chinook,21,21,Single Run
Gisasa River Escapement,,,2005,07/25,Gisasa River,Chinook,24,24,Single Run
Gisasa River Escapement,,,2005,07/26,Gisasa River,Chinook,30,30,Single Run
Gisasa River Escapement,,,2005,07/27,Gisasa River,Chinook,16,16,Single Run
Gisasa River Escapement,,,2005,07/28,Gisasa River,Chinook,23,23,Single Run
Gisasa River Escapement,,,2005,07/29,Gisasa River,Chinook,8,8,Single Run
Gisasa River Escapement,,,2005,07/30,Gisasa River,Chinook,12,12,Single Run
Gisasa River Escapement,,,2005,07/31,Gisasa River,Chinook,13,13,Single Run
Gisasa River Escapement,,,2006,06/28,Gisasa River,Chinook,0,0,Single Run
Gisasa River Escapement,,,2006,06/29,Gisasa River,Chinook,1,1,Single Run
Gisasa River Escapement,,,2006,06/30,Gisasa River,Chinook,3,3,Single Run
Gisasa River Escapement,,,2006,07/01,Gisasa River,Chinook,46,46,Single Run
Gisasa River Escapement,,,2006,07/02,Gisasa River,Chinook,89,89,Single Run
Gisasa River Escapement,,,2006,07/03,Gisasa River,Chinook,132,132,Single Run
Gisasa River Escapement,,,2006,07/04,Gisasa River,Chinook,82,82,Single Run
Gisasa River Escapement,,,2006,07/05,Gisasa River,Chinook,72,72,Single Run
Gisasa River Escapement,,,2006,07/06,Gisasa River,Chinook,58,58,Single Run
Gisasa River Escapement,,,2006,07/07,Gisasa River,Chinook,52,52,Single Run
Gisasa River Escapement,,,2006,07/08,Gisasa River,Chinook,77,77,Single Run
Gisasa River Escapement,,,2006,07/09,Gisasa River,Chinook,134,134,Single Run
Gisasa River Escapement,,,2006,07/10,Gisasa River,Chinook,159,159,Single Run
Gisasa River Escapement,,,2006,07/11,Gisasa River,Chinook,211,211,Single Run
Gisasa River Escapement,,,2006,07/12,Gisasa River,Chinook,255,255,Single Run
Gisasa River Escapement,,,2006,07/13,Gisasa River,Chinook,216,216,Single Run
Gisasa River Escapement,,,2006,07/14,Gisasa River,Chinook,227,227,Single Run
Gisasa River Escapement,,,2006,07/15,Gisasa River,Chinook,239,239,Single Run
Gisasa River Escapement,,,2006,07/16,Gisasa River,Chinook,141,141,Single Run
Gisasa River Escapement,,,2006,07/17,Gisasa River,Chinook,224,224,Single Run
Gisasa River Escapement,,,2006,07/18,Gisasa River,Chinook,157,157,Single Run
Gisasa River Escapement,,,2006,07/19,Gisasa River,Chinook,101,101,Single Run
Gisasa River Escapement,,,2006,07/20,Gisasa River,Chinook,59,59,Single Run
Gisasa River Escapement,,,2006,07/21,Gisasa River,Chinook,69,69,Single Run
Gisasa River Escapement,,,2006,07/22,Gisasa River,Chinook,48,48,Single Run
Gisasa River Escapement,,,2006,07/23,Gisasa River,Chinook,32,32,Single Run
Gisasa River Escapement,,,2006,07/24,Gisasa River,Chinook,32,32,Single Run
Gisasa River Escapement,,,2006,07/25,Gisasa River,Chinook,26,26,Single Run
Gisasa River Escapement,,,2006,07/26,Gisasa River,Chinook,38,38,Single Run
Gisasa River Escapement,,,2006,07/27,Gisasa River,Chinook,14,14,Single Run
Gisasa River Escapement,,,2006,07/28,Gisasa River,Chinook,19,19,Single Run
Gisasa River Escapement,,,2006,07/29,Gisasa River,Chinook,18,18,Single Run
Gisasa River Escapement,,,2007,06/23,Gisasa River,Chinook,0,0,Single Run
Gisasa River Escapement,,,2007,06/24,Gisasa River,Chinook,0,0,Single Run
Gisasa River Escapement,,,2007,06/25,Gisasa River,Chinook,0,0,Single Run
Gisasa River Escapement,,,2007,06/26,Gisasa River,Chinook,0,0,Single Run
Gisasa River Escapement,,,2007,06/27,Gisasa River,Chinook,0,0,Single Run
Gisasa River Escapement,,,2007,06/28,Gisasa River,Chinook,0,0,Single Run
Gisasa River Escapement,,,2007,06/29,Gisasa River,Chinook,0,0,Single Run
Gisasa River Escapement,,,2007,06/30,Gisasa River,Chinook,2,2,Single Run
Gisasa River Escapement,,,2007,07/01,Gisasa River,Chinook,6,6,Single Run
Gisasa River Escapement,,,2007,07/02,Gisasa River,Chinook,10,10,Single Run
Gisasa River Escapement,,,2007,07/03,Gisasa River,Chinook,41,41,Single Run
Gisasa River Escapement,,,2007,07/04,Gisasa River,Chinook,29,29,Single Run
Gisasa River Escapement,,,2007,07/05,Gisasa River,Chinook,19,19,Single Run
Gisasa River Escapement,,,2007,07/06,Gisasa River,Chinook,24,24,Single Run
Gisasa River Escapement,,,2007,07/07,Gisasa River,Chinook,13,13,Single Run
Gisasa River Escapement,,,2007,07/08,Gisasa River,Chinook,32,32,Single Run
Gisasa River Escapement,,,2007,07/09,Gisasa River,Chinook,31,31,Single Run
Gisasa River Escapement,,,2007,07/10,Gisasa River,Chinook,41,41,Single Run
Gisasa River Escapement,,,2007,07/11,Gisasa River,Chinook,43,43,Single Run
Gisasa River Escapement,,,2007,07/12,Gisasa River,Chinook,56,56,Single Run
Gisasa River Escapement,,,2007,07/13,Gisasa River,Chinook,59,59,Single Run
Gisasa River Escapement,,,2007,07/14,Gisasa River,Chinook,99,99,Single Run
Gisasa River Escapement,,,2007,07/15,Gisasa River,Chinook,64,64,Single Run
Gisasa River Escapement,,,2007,07/16,Gisasa River,Chinook,48,48,Single Run
Gisasa River Escapement,,,2007,07/17,Gisasa River,Chinook,47,47,Single Run
Gisasa River Escapement,,,2007,07/18,Gisasa River,Chinook,94,94,Single Run
Gisasa River Escapement,,,2007,07/19,Gisasa River,Chinook,106,106,Single Run
Gisasa River Escapement,,,2007,07/20,Gisasa River,Chinook,43,43,Single Run
Gisasa River Escapement,,,2007,07/21,Gisasa River,Chinook,30,30,Single Run
Gisasa River Escapement,,,2007,07/22,Gisasa River,Chinook,136,136,Single Run
Gisasa River Escapement,,,2007,07/23,Gisasa River,Chinook,39,39,Single Run
Gisasa River Escapement,,,2007,07/24,Gisasa River,Chinook,44,44,Single Run
Gisasa River Escapement,,,2007,07/25,Gisasa River,Chinook,70,70,Single Run
Gisasa River Escapement,,,2007,07/26,Gisasa River,Chinook,138,138,Single Run
Gisasa River Escapement,,,2007,07/27,Gisasa River,Chinook,37,37,Single Run
Gisasa River Escapement,,,2007,07/28,Gisasa River,Chinook,26,26,Single Run
Gisasa River Escapement,,,2008,06/24,Gisasa River,Chinook,0,0,Single Run
Gisasa River Escapement,,,2008,06/25,Gisasa River,Chinook,0,0,Single Run
Gisasa River Escapement,,,2008,06/26,Gisasa River,Chinook,1,1,Single Run
Gisasa River Escapement,,,2008,06/27,Gisasa River,Chinook,1,1,Single Run
Gisasa River Escapement,,,2008,06/28,Gisasa River,Chinook,1,1,Single Run
Gisasa River Escapement,,,2008,06/29,Gisasa River,Chinook,1,1,Single Run
Gisasa River Escapement,,,2008,06/30,Gisasa River,Chinook,2,2,Single Run
Gisasa River Escapement,,,2008,07/01,Gisasa River,Chinook,4,4,Single Run
Gisasa River Escapement,,,2008,07/02,Gisasa River,Chinook,10,10,Single Run
Gisasa River Escapement,,,2008,07/03,Gisasa River,Chinook,8,8,Single Run
Gisasa River Escapement,,,2008,07/04,Gisasa River,Chinook,25,25,Single Run
Gisasa River Escapement,,,2008,07/05,Gisasa River,Chinook,32,32,Single Run
Gisasa River Escapement,,,2008,07/06,Gisasa River,Chinook,35,35,Single Run
Gisasa River Escapement,,,2008,07/07,Gisasa River,Chinook,44,44,Single Run
Gisasa River Escapement,,,2008,07/08,Gisasa River,Chinook,38,38,Single Run
Gisasa River Escapement,,,2008,07/09,Gisasa River,Chinook,55,55,Single Run
Gisasa River Escapement,,,2008,07/10,Gisasa River,Chinook,84,84,Single Run
Gisasa River Escapement,,,2008,07/11,Gisasa River,Chinook,84,84,Single Run
Gisasa River Escapement,,,2008,07/12,Gisasa River,Chinook,31,31,Single Run
Gisasa River Escapement,,,2008,07/13,Gisasa River,Chinook,36,36,Single Run
Gisasa River Escapement,,,2008,07/14,Gisasa River,Chinook,68,68,Single Run
Gisasa River Escapement,,,2008,07/15,Gisasa River,Chinook,62,62,Single Run
Gisasa River Escapement,,,2008,07/16,Gisasa River,Chinook,143,143,Single Run
Gisasa River Escapement,,,2008,07/17,Gisasa River,Chinook,323,323,Single Run
Gisasa River Escapement,,,2008,07/18,Gisasa River,Chinook,55,55,Single Run
Gisasa River Escapement,,,2008,07/19,Gisasa River,Chinook,29,29,Single Run
Gisasa River Escapement,,,2008,07/20,Gisasa River,Chinook,35,35,Single Run
Gisasa River Escapement,,,2008,07/21,Gisasa River,Chinook,157,157,Single Run
Gisasa River Escapement,,,2008,07/22,Gisasa River,Chinook,41,41,Single Run
Gisasa River Escapement,,,2008,07/23,Gisasa River,Chinook,53,53,Single Run
Gisasa River Escapement,,,2008,07/24,Gisasa River,Chinook,70,70,Single Run
Gisasa River Escapement,,,2008,07/25,Gisasa River,Chinook,50,50,Single Run
Gisasa River Escapement,,,2008,07/26,Gisasa River,Chinook,18,18,Single Run
Gisasa River Escapement,,,2008,07/27,Gisasa River,Chinook,59,59,Single Run
Gisasa River Escapement,,,2008,07/28,Gisasa River,Chinook,39,39,Single Run
Gisasa River Escapement,,,2008,07/29,Gisasa River,Chinook,40,40,Single Run
Gisasa River Escapement,,,2008,07/30,Gisasa River,Chinook,4,4,Single Run
Gisasa River Escapement,,,2009,06/23,Gisasa River,Chinook,0,0,Single Run
Gisasa River Escapement,,,2009,06/24,Gisasa River,Chinook,0,0,Single Run
Gisasa River Escapement,,,2009,06/25,Gisasa River,Chinook,0,0,Single Run
Gisasa River Escapement,,,2009,06/26,Gisasa River,Chinook,0,0,Single Run
Gisasa River Escapement,,,2009,06/27,Gisasa River,Chinook,0,0,Single Run
Gisasa River Escapement,,,2009,06/28,Gisasa River,Chinook,0,0,Single Run
Gisasa River Escapement,,,2009,06/29,Gisasa River,Chinook,0,0,Single Run
Gisasa River Escapement,,,2009,06/30,Gisasa River,Chinook,0,0,Single Run
Gisasa River Escapement,,,2009,07/01,Gisasa River,Chinook,5,5,Single Run
Gisasa River Escapement,,,2009,07/02,Gisasa River,Chinook,0,0,Single Run
Gisasa River Escapement,,,2009,07/03,Gisasa River,Chinook,6,6,Single Run
Gisasa River Escapement,,,2009,07/04,Gisasa River,Chinook,3,3,Single Run
Gisasa River Escapement,,,2009,07/05,Gisasa River,Chinook,7,7,Single Run
Gisasa River Escapement,,,2009,07/06,Gisasa River,Chinook,12,12,Single Run
Gisasa River Escapement,,,2009,07/07,Gisasa River,Chinook,12,12,Single Run
Gisasa River Escapement,,,2009,07/08,Gisasa River,Chinook,44,44,Single Run
Gisasa River Escapement,,,2009,07/09,Gisasa River,Chinook,36,36,Single Run
Gisasa River Escapement,,,2009,07/10,Gisasa River,Chinook,23,23,Single Run
Gisasa River Escapement,,,2009,07/11,Gisasa River,Chinook,254,254,Single Run
Gisasa River Escapement,,,2009,07/12,Gisasa River,Chinook,40,40,Single Run
Gisasa River Escapement,,,2009,07/13,Gisasa River,Chinook,288,288,Single Run
Gisasa River Escapement,,,2009,07/14,Gisasa River,Chinook,40,40,Single Run
Gisasa River Escapement,,,2009,07/15,Gisasa River,Chinook,189,189,Single Run
Gisasa River Escapement,,,2009,07/16,Gisasa River,Chinook,201,201,Single Run
Gisasa River Escapement,,,2009,07/17,Gisasa River,Chinook,90,90,Single Run
Gisasa River Escapement,,,2009,07/18,Gisasa River,Chinook,200,200,Single Run
Gisasa River Escapement,,,2009,07/19,Gisasa River,Chinook,20,20,Single Run
Gisasa River Escapement,,,2009,07/20,Gisasa River,Chinook,27,27,Single Run
Gisasa River Escapement,,,2009,07/21,Gisasa River,Chinook,86,86,Single Run
Gisasa River Escapement,,,2009,07/22,Gisasa River,Chinook,105,105,Single Run
Gisasa River Escapement,,,2009,07/23,Gisasa River,Chinook,20,20,Single Run
Gisasa River Escapement,,,2009,07/24,Gisasa River,Chinook,39,39,Single Run
Gisasa River Escapement,,,2009,07/25,Gisasa River,Chinook,140,140,Single Run
Gisasa River Escapement,,,2009,07/26,Gisasa River,Chinook,13,13,Single Run
Gisasa River Escapement,,,2009,07/27,Gisasa River,Chinook,12,12,Single Run
Gisasa River Escapement,,,2009,07/28,Gisasa River,Chinook,9,9,Single Run
Gisasa River Escapement,,,2009,07/29,Gisasa River,Chinook,20,20,Single Run
Gisasa River Escapement,,,2009,07/30,Gisasa River,Chinook,14,14,Single Run
Gisasa River Escapement,,,2010,06/19,Gisasa River,Chinook,0,0,Single Run
Gisasa River Escapement,,,2010,06/20,Gisasa River,Chinook,0,0,Single Run
Gisasa River Escapement,,,2010,06/21,Gisasa River,Chinook,0,0,Single Run
Gisasa River Escapement,,,2010,06/22,Gisasa River,Chinook,0,0,Single Run
Gisasa River Escapement,,,2010,06/23,Gisasa River,Chinook,0,0,Single Run
Gisasa River Escapement,,,2010,06/24,Gisasa River,Chinook,0,0,Single Run
Gisasa River Escapement,,,2010,06/25,Gisasa River,Chinook,0,0,Single Run
Gisasa River Escapement,,,2010,06/26,Gisasa River,Chinook,0,0,Single Run
Gisasa River Escapement,,,2010,06/27,Gisasa River,Chinook,0,0,Single Run
Gisasa River Escapement,,,2010,06/28,Gisasa River,Chinook,0,0,Single Run
Gisasa River Escapement,,,2010,06/29,Gisasa River,Chinook,0,0,Single Run
Gisasa River Escapement,,,2010,06/30,Gisasa River,Chinook,2,2,Single Run
Gisasa River Escapement,,,2010,07/01,Gisasa River,Chinook,3,3,Single Run
Gisasa River Escapement,,,2010,07/02,Gisasa River,Chinook,22,22,Single Run
Gisasa River Escapement,,,2010,07/03,Gisasa River,Chinook,30,30,Single Run
Gisasa River Escapement,,,2010,07/04,Gisasa River,Chinook,9,9,Single Run
Gisasa River Escapement,,,2010,07/05,Gisasa River,Chinook,21,21,Single Run
Gisasa River Escapement,,,2010,07/06,Gisasa River,Chinook,79,79,Single Run
Gisasa River Escapement,,,2010,07/07,Gisasa River,Chinook,32,32,Single Run
Gisasa River Escapement,,,2010,07/08,Gisasa River,Chinook,22,22,Single Run
Gisasa River Escapement,,,2010,07/09,Gisasa River,Chinook,22,22,Single Run
Gisasa River Escapement,,,2010,07/10,Gisasa River,Chinook,69,69,Single Run
Gisasa River Escapement,,,2010,07/11,Gisasa River,Chinook,33,33,Single Run
Gisasa River Escapement,,,2010,07/12,Gisasa River,Chinook,54,54,Single Run
Gisasa River Escapement,,,2010,07/13,Gisasa River,Chinook,38,38,Single Run
Gisasa River Escapement,,,2010,07/14,Gisasa River,Chinook,67,67,Single Run
Gisasa River Escapement,,,2010,07/15,Gisasa River,Chinook,10,10,Single Run
Gisasa River Escapement,,,2010,07/16,Gisasa River,Chinook,54,54,Single Run
Gisasa River Escapement,,,2010,07/17,Gisasa River,Chinook,33,33,Single Run
Gisasa River Escapement,,,2010,07/18,Gisasa River,Chinook,31,31,Single Run
Gisasa River Escapement,,,2010,07/19,Gisasa River,Chinook,99,99,Single Run
Gisasa River Escapement,,,2010,07/20,Gisasa River,Chinook,400,400,Single Run
Gisasa River Escapement,,,2010,07/21,Gisasa River,Chinook,69,69,Single Run
Gisasa River Escapement,,,2010,07/22,Gisasa River,Chinook,77,77,Single Run
Gisasa River Escapement,,,2010,07/23,Gisasa River,Chinook,30,30,Single Run
Gisasa River Escapement,,,2010,07/24,Gisasa River,Chinook,35,35,Single Run
Gisasa River Escapement,,,2010,07/25,Gisasa River,Chinook,49,49,Single Run
Gisasa River Escapement,,,2010,07/26,Gisasa River,Chinook,17,17,Single Run
Gisasa River Escapement,,,2010,07/27,Gisasa River,Chinook,32,32,Single Run
Gisasa River Escapement,,,2010,07/28,Gisasa River,Chinook,23,23,Single Run
Gisasa River Escapement,,,2010,07/29,Gisasa River,Chinook,14,14,Single Run
Gisasa River Escapement,,,2010,07/30,Gisasa River,Chinook,36,36,Single Run
Gisasa River Escapement,,,2010,07/31,Gisasa River,Chinook,4,4,Single Run
Gisasa River Escapement,,,2011,06/18,Gisasa River,Chinook,0,0,Single Run
Gisasa River Escapement,,,2011,06/19,Gisasa River,Chinook,0,0,Single Run
Gisasa River Escapement,,,2011,06/20,Gisasa River,Chinook,0,0,Single Run
Gisasa River Escapement,,,2011,06/21,Gisasa River,Chinook,0,0,Single Run
Gisasa River Escapement,,,2011,06/22,Gisasa River,Chinook,0,0,Single Run
Gisasa River Escapement,,,2011,06/23,Gisasa River,Chinook,0,0,Single Run
Gisasa River Escapement,,,2011,06/24,Gisasa River,Chinook,0,0,Single Run
Gisasa River Escapement,,,2011,06/25,Gisasa River,Chinook,0,0,Single Run
Gisasa River Escapement,,,2011,06/26,Gisasa River,Chinook,1,1,Single Run
Gisasa River Escapement,,,2011,06/27,Gisasa River,Chinook,3,3,Single Run
Gisasa River Escapement,,,2011,06/28,Gisasa River,Chinook,3,3,Single Run
Gisasa River Escapement,,,2011,06/29,Gisasa River,Chinook,7,7,Single Run
Gisasa River Escapement,,,2011,06/30,Gisasa River,Chinook,8,8,Single Run
Gisasa River Escapement,,,2011,07/01,Gisasa River,Chinook,30,30,Single Run
Gisasa River Escapement,,,2011,07/02,Gisasa River,Chinook,32,32,Single Run
Gisasa River Escapement,,,2011,07/03,Gisasa River,Chinook,33,33,Single Run
Gisasa River Escapement,,,2011,07/04,Gisasa River,Chinook,74,74,Single Run
Gisasa River Escapement,,,2011,07/05,Gisasa River,Chinook,94,94,Single Run
Gisasa River Escapement,,,2011,07/06,Gisasa River,Chinook,115,115,Single Run
Gisasa River Escapement,,,2011,07/07,Gisasa River,Chinook,96,96,Single Run
Gisasa River Escapement,,,2011,07/08,Gisasa River,Chinook,153,153,Single Run
Gisasa River Escapement,,,2011,07/09,Gisasa River,Chinook,212,212,Single Run
Gisasa River Escapement,,,2011,07/10,Gisasa River,Chinook,135,135,Single Run
Gisasa River Escapement,,,2011,07/11,Gisasa River,Chinook,109,109,Single Run
Gisasa River Escapement,,,2011,07/12,Gisasa River,Chinook,138,138,Single Run
Gisasa River Escapement,,,2011,07/13,Gisasa River,Chinook,95,95,Single Run
Gisasa River Escapement,,,2011,07/14,Gisasa River,Chinook,167,167,Single Run
Gisasa River Escapement,,,2011,07/15,Gisasa River,Chinook,131,131,Single Run
Gisasa River Escapement,,,2011,07/16,Gisasa River,Chinook,157,157,Single Run
Gisasa River Escapement,,,2011,07/17,Gisasa River,Chinook,65,65,Single Run
Gisasa River Escapement,,,2011,07/18,Gisasa River,Chinook,140,140,Single Run
Gisasa River Escapement,,,2011,07/19,Gisasa River,Chinook,86,86,Single Run
Gisasa River Escapement,,,2011,07/20,Gisasa River,Chinook,204,204,Single Run
Gisasa River Escapement,,,2011,07/21,Gisasa River,Chinook,125,125,Single Run
Gisasa River Escapement,,,2011,07/22,Gisasa River,Chinook,100,100,Single Run
Gisasa River Escapement,,,2011,07/23,Gisasa River,Chinook,61,61,Single Run
Gisasa River Escapement,,,2011,07/24,Gisasa River,Chinook,29,29,Single Run
Gisasa River Escapement,,,2011,07/25,Gisasa River,Chinook,15,15,Single Run
Gisasa River Escapement,,,2011,07/26,Gisasa River,Chinook,29,29,Single Run
Gisasa River Escapement,,,2011,07/27,Gisasa River,Chinook,20,20,Single Run
Gisasa River Escapement,,,2011,07/28,Gisasa River,Chinook,11,11,Single Run
Gisasa River Escapement,,,2011,07/29,Gisasa River,Chinook,6,6,Single Run
Gisasa River Escapement,,,2011,07/30,Gisasa River,Chinook,8,8,Single Run
Gisasa River Escapement,,,2012,06/20,Gisasa River,Chinook,0,0,Single Run
Gisasa River Escapement,,,2012,06/21,Gisasa River,Chinook,0,0,Single Run
Gisasa River Escapement,,,2012,06/22,Gisasa River,Chinook,0,0,Single Run
Gisasa River Escapement,,,2012,06/23,Gisasa River,Chinook,0,0,Single Run
Gisasa River Escapement,,,2012,06/24,Gisasa River,Chinook,0,0,Single Run
Gisasa River Escapement,,,2012,06/25,Gisasa River,Chinook,0,0,Single Run
Gisasa River Escapement,,,2012,06/26,Gisasa River,Chinook,0,0,Single Run
Gisasa River Escapement,,,2012,06/27,Gisasa River,Chinook,0,0,Single Run
Gisasa River Escapement,,,2012,06/28,Gisasa River,Chinook,0,0,Single Run
Gisasa River Escapement,,,2012,06/29,Gisasa River,Chinook,0,0,Single Run
Gisasa River Escapement,,,2012,06/30,Gisasa River,Chinook,0,0,Single Run
Gisasa River Escapement,,,2012,07/01,Gisasa River,Chinook,0,0,Single Run
Gisasa River Escapement,,,2012,07/02,Gisasa River,Chinook,2,2,Single Run
Gisasa River Escapement,,,2012,07/03,Gisasa River,Chinook,4,4,Single Run
Gisasa River Escapement,,,2012,07/04,Gisasa River,Chinook,2,2,Single Run
Gisasa River Escapement,,,2012,07/05,Gisasa River,Chinook,9,9,Single Run
Gisasa River Escapement,,,2012,07/06,Gisasa River,Chinook,11,11,Single Run
Gisasa River Escapement,,,2012,07/07,Gisasa River,Chinook,17,17,Single Run
Gisasa River Escapement,,,2012,07/08,Gisasa River,Chinook,28,28,Single Run
Gisasa River Escapement,,,2012,07/09,Gisasa River,Chinook,71,71,Single Run
Gisasa River Escapement,,,2012,07/10,Gisasa River,Chinook,190,190,Single Run
Gisasa River Escapement,,,2012,07/11,Gisasa River,Chinook,51,51,Single Run
Gisasa River Escapement,,,2012,07/12,Gisasa River,Chinook,124,124,Single Run
Gisasa River Escapement,,,2012,07/13,Gisasa River,Chinook,40,40,Single Run
Gisasa River Escapement,,,2012,07/14,Gisasa River,Chinook,72,72,Single Run
Gisasa River Escapement,,,2012,07/15,Gisasa River,Chinook,28,28,Single Run
Gisasa River Escapement,,,2012,07/16,Gisasa River,Chinook,17,17,Single Run
Gisasa River Escapement,,,2012,07/17,Gisasa River,Chinook,18,18,Single Run
Gisasa River Escapement,,,2012,07/18,Gisasa River,Chinook,25,25,Single Run
Gisasa River Escapement,,,2012,07/19,Gisasa River,Chinook,57,57,Single Run
Gisasa River Escapement,,,2012,07/20,Gisasa River,Chinook,146,146,Single Run
Gisasa River Escapement,,,2012,07/21,Gisasa River,Chinook,73,73,Single Run
Gisasa River Escapement,,,2012,07/22,Gisasa River,Chinook,31,31,Single Run
Gisasa River Escapement,,,2012,07/23,Gisasa River,Chinook,43,43,Single Run
Gisasa River Escapement,,,2012,07/24,Gisasa River,Chinook,48,48,Single Run
Gisasa River Escapement,,,2012,07/25,Gisasa River,Chinook,40,40,Single Run
Gisasa River Escapement,,,2012,07/26,Gisasa River,Chinook,86,86,Single Run
Gisasa River Escapement,,,2012,07/27,Gisasa River,Chinook,17,17,Single Run
Gisasa River Escapement,,,2012,07/28,Gisasa River,Chinook,31,31,Single Run
Gisasa River Escapement,,,2012,07/29,Gisasa River,Chinook,19,19,Single Run
Gisasa River Escapement,,,2012,07/30,Gisasa River,Chinook,23,23,Single Run
Gisasa River Escapement,,,2013,06/20,Gisasa River,Chinook,0,0,Single Run
Gisasa River Escapement,,,2013,06/21,Gisasa River,Chinook,0,0,Single Run
Gisasa River Escapement,,,2013,06/22,Gisasa River,Chinook,0,0,Single Run
Gisasa River Escapement,,,2013,06/23,Gisasa River,Chinook,0,0,Single Run
Gisasa River Escapement,,,2013,06/24,Gisasa River,Chinook,0,0,Single Run
Gisasa River Escapement,,,2013,06/25,Gisasa River,Chinook,0,0,Single Run
Gisasa River Escapement,,,2013,06/26,Gisasa River,Chinook,0,0,Single Run
Gisasa River Escapement,,,2013,06/27,Gisasa River,Chinook,0,0,Single Run
Gisasa River Escapement,,,2013,06/28,Gisasa River,Chinook,0,0,Single Run
Gisasa River Escapement,,,2013,06/29,Gisasa River,Chinook,0,0,Single Run
Gisasa River Escapement,,,2013,06/30,Gisasa River,Chinook,0,0,Single Run
Gisasa River Escapement,,,2013,07/01,Gisasa River,Chinook,0,0,Single Run
Gisasa River Escapement,,,2013,07/02,Gisasa River,Chinook,1,1,Single Run
Gisasa River Escapement,,,2013,07/03,Gisasa River,Chinook,1,1,Single Run
Gisasa River Escapement,,,2013,07/04,Gisasa River,Chinook,4,4,Single Run
Gisasa River Escapement,,,2013,07/05,Gisasa River,Chinook,14,14,Single Run
Gisasa River Escapement,,,2013,07/06,Gisasa River,Chinook,19,19,Single Run
Gisasa River Escapement,,,2013,07/07,Gisasa River,Chinook,30,30,Single Run
Gisasa River Escapement,,,2013,07/08,Gisasa River,Chinook,51,51,Single Run
Gisasa River Escapement,,,2013,07/09,Gisasa River,Chinook,77,77,Single Run
Gisasa River Escapement,,,2013,07/10,Gisasa River,Chinook,43,43,Single Run
Gisasa River Escapement,,,2013,07/11,Gisasa River,Chinook,39,39,Single Run
Gisasa River Escapement,,,2013,07/12,Gisasa River,Chinook,35,35,Single Run
Gisasa River Escapement,,,2013,07/13,Gisasa River,Chinook,19,19,Single Run
Gisasa River Escapement,,,2013,07/14,Gisasa River,Chinook,61,61,Single Run
Gisasa River Escapement,,,2013,07/15,Gisasa River,Chinook,118,118,Single Run
Gisasa River Escapement,,,2013,07/16,Gisasa River,Chinook,155,155,Single Run
Gisasa River Escapement,,,2013,07/17,Gisasa River,Chinook,28,28,Single Run
Gisasa River Escapement,,,2013,07/18,Gisasa River,Chinook,50,50,Single Run
Gisasa River Escapement,,,2013,07/19,Gisasa River,Chinook,127,127,Single Run
Gisasa River Escapement,,,2013,07/20,Gisasa River,Chinook,69,69,Single Run
Gisasa River Escapement,,,2013,07/21,Gisasa River,Chinook,34,34,Single Run
Gisasa River Escapement,,,2013,07/22,Gisasa River,Chinook,37,37,Single Run
Gisasa River Escapement,,,2013,07/23,Gisasa River,Chinook,38,38,Single Run
Gisasa River Escapement,,,2013,07/24,Gisasa River,Chinook,20,20,Single Run
Gisasa River Escapement,,,2013,07/25,Gisasa River,Chinook,10,10,Single Run
Gisasa River Escapement,,,2013,07/26,Gisasa River,Chinook,11,11,Single Run
Gisasa River Escapement,,,2013,07/27,Gisasa River,Chinook,11,11,Single Run
Gisasa River Escapement,,,2013,07/28,Gisasa River,Chinook,4,4,Single Run
Gisasa River Escapement,,,2013,07/29,Gisasa River,Chinook,11,11,Single Run
Gisasa River Escapement,,,2013,07/30,Gisasa River,Chinook,5,5,Single Run
Gisasa River Escapement,,,2013,07/31,Gisasa River,Chinook,4,4,Single Run
Gisasa River Escapement,,,2014,07/02,Gisasa River,Chinook,12,12,Single Run
Gisasa River Escapement,,,2014,07/03,Gisasa River,Chinook,46,46,Single Run
Gisasa River Escapement,,,2014,07/04,Gisasa River,Chinook,46,46,Single Run
Gisasa River Escapement,,,2014,07/05,Gisasa River,Chinook,116,116,Single Run
Gisasa River Escapement,,,2014,07/06,Gisasa River,Chinook,229,229,Single Run
Gisasa River Escapement,,,2014,07/07,Gisasa River,Chinook,268,268,Single Run
Gisasa River Escapement,,,2014,07/08,Gisasa River,Chinook,100,100,Single Run
Gisasa River Escapement,,,2014,07/09,Gisasa River,Chinook,138,138,Single Run
Gisasa River Escapement,,,2014,07/10,Gisasa River,Chinook,146,146,Single Run
Gisasa River Escapement,,,2014,07/11,Gisasa River,Chinook,324,324,Single Run
Gisasa River Escapement,,,2014,07/12,Gisasa River,Chinook,87,87,Single Run
Gisasa River Escapement,,,2014,07/13,Gisasa River,Chinook,77,77,Single Run
Gisasa River Escapement,,,2015,06/17,Gisasa River,Chinook,0,0,Single Run
Gisasa River Escapement,,,2015,06/18,Gisasa River,Chinook,0,0,Single Run
Gisasa River Escapement,,,2015,06/19,Gisasa River,Chinook,0,0,Single Run
Gisasa River Escapement,,,2015,06/20,Gisasa River,Chinook,0,0,Single Run
Gisasa River Escapement,,,2015,06/21,Gisasa River,Chinook,0,0,Single Run
Gisasa River Escapement,,,2015,06/22,Gisasa River,Chinook,0,0,Single Run
Gisasa River Escapement,,,2015,06/23,Gisasa River,Chinook,0,0,Single Run
Gisasa River Escapement,,,2015,06/24,Gisasa River,Chinook,0,0,Single Run
Gisasa River Escapement,,,2015,06/25,Gisasa River,Chinook,3,3,Single Run
Gisasa River Escapement,,,2015,06/26,Gisasa River,Chinook,0,0,Single Run
Gisasa River Escapement,,,2015,06/27,Gisasa River,Chinook,0,0,Single Run
Gisasa River Escapement,,,2015,06/28,Gisasa River,Chinook,0,0,Single Run
Gisasa River Escapement,,,2015,06/29,Gisasa River,Chinook,13,13,Single Run
Gisasa River Escapement,,,2015,06/30,Gisasa River,Chinook,1,1,Single Run
Gisasa River Escapement,,,2015,07/01,Gisasa River,Chinook,7,7,Single Run
Gisasa River Escapement,,,2015,07/02,Gisasa River,Chinook,6,6,Single Run
Gisasa River Escapement,,,2015,07/03,Gisasa River,Chinook,2,2,Single Run
Gisasa River Escapement,,,2015,07/04,Gisasa River,Chinook,7,7,Single Run
Gisasa River Escapement,,,2015,07/05,Gisasa River,Chinook,10,10,Single Run
Gisasa River Escapement,,,2015,07/06,Gisasa River,Chinook,46,46,Single Run
Gisasa River Escapement,,,2015,07/07,Gisasa River,Chinook,72,72,Single Run
Gisasa River Escapement,,,2015,07/08,Gisasa River,Chinook,28,28,Single Run
Gisasa River Escapement,,,2015,07/09,Gisasa River,Chinook,20,20,Single Run
Gisasa River Escapement,,,2015,07/10,Gisasa River,Chinook,38,38,Single Run
Gisasa River Escapement,,,2015,07/11,Gisasa River,Chinook,25,25,Single Run
Gisasa River Escapement,,,2015,07/12,Gisasa River,Chinook,50,50,Single Run
Gisasa River Escapement,,,2015,07/13,Gisasa River,Chinook,67,67,Single Run
Gisasa River Escapement,,,2015,07/14,Gisasa River,Chinook,116,116,Single Run
Gisasa River Escapement,,,2015,07/15,Gisasa River,Chinook,74,74,Single Run
Gisasa River Escapement,,,2015,07/16,Gisasa River,Chinook,46,46,Single Run
Gisasa River Escapement,,,2015,07/17,Gisasa River,Chinook,60,60,Single Run
Gisasa River Escapement,,,2015,07/18,Gisasa River,Chinook,27,27,Single Run
Gisasa River Escapement,,,2015,07/19,Gisasa River,Chinook,53,53,Single Run
Gisasa River Escapement,,,2015,07/20,Gisasa River,Chinook,92,92,Single Run
Gisasa River Escapement,,,2015,07/21,Gisasa River,Chinook,29,29,Single Run
Gisasa River Escapement,,,2015,07/22,Gisasa River,Chinook,138,138,Single Run
Gisasa River Escapement,,,2015,07/23,Gisasa River,Chinook,34,34,Single Run
Gisasa River Escapement,,,2015,07/24,Gisasa River,Chinook,101,101,Single Run
Gisasa River Escapement,,,2015,07/25,Gisasa River,Chinook,37,37,Single Run
Gisasa River Escapement,,,2015,07/26,Gisasa River,Chinook,8,8,Single Run
Gisasa River Escapement,,,2015,07/27,Gisasa River,Chinook,27,27,Single Run
Gisasa River Escapement,,,2015,07/28,Gisasa River,Chinook,19,19,Single Run
Gisasa River Escapement,,,2015,07/29,Gisasa River,Chinook,25,25,Single Run
Gisasa River Escapement,,,2015,07/30,Gisasa River,Chinook,11,11,Single Run
Gisasa River Escapement,,,2015,07/31,Gisasa River,Chinook,27,27,Single Run
Gisasa River Escapement,,,2016,06/17,Gisasa River,Chinook,0,0,Single Run
Gisasa River Escapement,,,2016,06/18,Gisasa River,Chinook,0,0,Single Run
Gisasa River Escapement,,,2016,06/19,Gisasa River,Chinook,0,0,Single Run
Gisasa River Escapement,,,2016,06/20,Gisasa River,Chinook,0,0,Single Run
Gisasa River Escapement,,,2016,06/21,Gisasa River,Chinook,0,0,Single Run
Gisasa River Escapement,,,2016,06/22,Gisasa River,Chinook,2,2,Single Run
Gisasa River Escapement,,,2016,06/23,Gisasa River,Chinook,1,1,Single Run
Gisasa River Escapement,,,2016,06/24,Gisasa River,Chinook,1,1,Single Run
Gisasa River Escapement,,,2016,06/25,Gisasa River,Chinook,1,1,Single Run
Gisasa River Escapement,,,2016,06/26,Gisasa River,Chinook,5,5,Single Run
Gisasa River Escapement,,,2016,06/27,Gisasa River,Chinook,5,5,Single Run
Gisasa River Escapement,,,2016,06/28,Gisasa River,Chinook,14,14,Single Run
Gisasa River Escapement,,,2016,06/29,Gisasa River,Chinook,6,6,Single Run
Gisasa River Escapement,,,2016,06/30,Gisasa River,Chinook,36,36,Single Run
Gisasa River Escapement,,,2016,07/01,Gisasa River,Chinook,26,26,Single Run
Gisasa River Escapement,,,2016,07/02,Gisasa River,Chinook,47,47,Single Run
Gisasa River Escapement,,,2016,07/03,Gisasa River,Chinook,48,48,Single Run
Gisasa River Escapement,,,2016,07/04,Gisasa River,Chinook,108,108,Single Run
Gisasa River Escapement,,,2016,07/05,Gisasa River,Chinook,51,51,Single Run
Gisasa River Escapement,,,2016,07/06,Gisasa River,Chinook,130,130,Single Run
Gisasa River Escapement,,,2016,07/07,Gisasa River,Chinook,76,76,Single Run
Gisasa River Escapement,,,2016,07/08,Gisasa River,Chinook,144,144,Single Run
Gisasa River Escapement,,,2016,07/09,Gisasa River,Chinook,32,32,Single Run
Gisasa River Escapement,,,2016,07/10,Gisasa River,Chinook,50,50,Single Run
Gisasa River Escapement,,,2016,07/11,Gisasa River,Chinook,42,42,Single Run
Gisasa River Escapement,,,2016,07/12,Gisasa River,Chinook,34,34,Single Run
Gisasa River Escapement,,,2016,07/13,Gisasa River,Chinook,98,98,Single Run
Gisasa River Escapement,,,2016,07/14,Gisasa River,Chinook,79,79,Single Run
Gisasa River Escapement,,,2016,07/15,Gisasa River,Chinook,36,36,Single Run
Gisasa River Escapement,,,2016,07/16,Gisasa River,Chinook,45,45,Single Run
Gisasa River Escapement,,,2016,07/17,Gisasa River,Chinook,30,30,Single Run
Gisasa River Escapement,,,2016,07/18,Gisasa River,Chinook,18,18,Single Run
Gisasa River Escapement,,,2016,07/19,Gisasa River,Chinook,40,40,Single Run
Gisasa River Escapement,,,2016,07/20,Gisasa River,Chinook,23,23,Single Run
Gisasa River Escapement,,,2016,07/21,Gisasa River,Chinook,31,31,Single Run
Gisasa River Escapement,,,2016,07/22,Gisasa River,Chinook,38,38,Single Run
Gisasa River Escapement,,,2016,07/23,Gisasa River,Chinook,20,20,Single Run
Gisasa River Escapement,,,2016,07/24,Gisasa River,Chinook,14,14,Single Run
Gisasa River Escapement,,,2016,07/25,Gisasa River,Chinook,35,35,Single Run
Gisasa River Escapement,,,2016,07/26,Gisasa River,Chinook,19,19,Single Run
Gisasa River Escapement,,,2016,07/27,Gisasa River,Chinook,7,7,Single Run
Gisasa River Escapement,,,2016,07/28,Gisasa River,Chinook,3,3,Single Run
Gisasa River Escapement,,,2016,07/29,Gisasa River,Chinook,,,Single Run
Gisasa River Escapement,,,2016,07/30,Gisasa River,Chinook,,,Single Run
Gisasa River Escapement,,,2016,07/31,Gisasa River,Chinook,,,Single Run
Gisasa River Escapement,,,2017,06/17,Gisasa River,Chinook,,,Single Run
Gisasa River Escapement,,,2017,06/18,Gisasa River,Chinook,0,0,Single Run
Gisasa River Escapement,,,2017,06/19,Gisasa River,Chinook,0,0,Single Run
Gisasa River Escapement,,,2017,06/20,Gisasa River,Chinook,0,0,Single Run
Gisasa River Escapement,,,2017,06/21,Gisasa River,Chinook,1,1,Single Run
Gisasa River Escapement,,,2017,06/22,Gisasa River,Chinook,0,0,Single Run
Gisasa River Escapement,,,2017,06/23,Gisasa River,Chinook,0,0,Single Run
Gisasa River Escapement,,,2017,06/24,Gisasa River,Chinook,0,0,Single Run
Gisasa River Escapement,,,2017,06/25,Gisasa River,Chinook,2,2,Single Run
Gisasa River Escapement,,,2017,06/26,Gisasa River,Chinook,4,4,Single Run
Gisasa River Escapement,,,2017,06/27,Gisasa River,Chinook,4,4,Single Run
Gisasa River Escapement,,,2017,06/28,Gisasa River,Chinook,9,9,Single Run
Gisasa River Escapement,,,2017,06/29,Gisasa River,Chinook,10,10,Single Run
Gisasa River Escapement,,,2017,06/30,Gisasa River,Chinook,10,10,Single Run
Gisasa River Escapement,,,2017,07/01,Gisasa River,Chinook,33,33,Single Run
Gisasa River Escapement,,,2017,07/02,Gisasa River,Chinook,16,16,Single Run
Gisasa River Escapement,,,2017,07/03,Gisasa River,Chinook,16,16,Single Run
Gisasa River Escapement,,,2017,07/04,Gisasa River,Chinook,54,54,Single Run
Gisasa River Escapement,,,2017,07/05,Gisasa River,Chinook,39,39,Single Run
Gisasa River Escapement,,,2017,07/06,Gisasa River,Chinook,45,45,Single Run
Gisasa River Escapement,,,2017,07/07,Gisasa River,Chinook,70,70,Single Run
Gisasa River Escapement,,,2017,07/08,Gisasa River,Chinook,54,54,Single Run
Gisasa River Escapement,,,2017,07/09,Gisasa River,Chinook,127,127,Single Run
Gisasa River Escapement,,,2017,07/10,Gisasa River,Chinook,22,22,Single Run
Gisasa River Escapement,,,2017,07/11,Gisasa River,Chinook,24,24,Single Run
Gisasa River Escapement,,,2017,07/12,Gisasa River,Chinook,39,39,Single Run
Gisasa River Escapement,,,2017,07/13,Gisasa River,Chinook,32,32,Single Run
Gisasa River Escapement,,,2017,07/14,Gisasa River,Chinook,77,77,Single Run
Gisasa River Escapement,,,2017,07/15,Gisasa River,Chinook,107,107,Single Run
Gisasa River Escapement,,,2017,07/16,Gisasa River,Chinook,30,30,Single Run
Gisasa River Escapement,,,2017,07/17,Gisasa River,Chinook,54,54,Single Run
Gisasa River Escapement,,,2017,07/18,Gisasa River,Chinook,4,4,Single Run
Gisasa River Escapement,,,2017,07/19,Gisasa River,Chinook,10,10,Single Run
Gisasa River Escapement,,,2017,07/20,Gisasa River,Chinook,8,8,Single Run
Gisasa River Escapement,,,2017,07/21,Gisasa River,Chinook,24,24,Single Run
Gisasa River Escapement,,,2017,07/22,Gisasa River,Chinook,51,51,Single Run
Gisasa River Escapement,,,2017,07/23,Gisasa River,Chinook,29,29,Single Run
Gisasa River Escapement,,,2017,07/24,Gisasa River,Chinook,9,9,Single Run
Gisasa River Escapement,,,2017,07/25,Gisasa River,Chinook,5,5,Single Run
Gisasa River Escapement,,,2017,07/26,Gisasa River,Chinook,8,8,Single Run
Gisasa River Escapement,,,2017,07/27,Gisasa River,Chinook,12,12,Single Run
Gisasa River Escapement,,,2017,07/28,Gisasa River,Chinook,23,23,Single Run
Gisasa River Escapement,,,2017,07/29,Gisasa River,Chinook,9,9,Single Run
Gisasa River Escapement,,,2017,07/30,Gisasa River,Chinook,12,12,Single Run
Gisasa River Escapement,,,2017,07/31,Gisasa River,Chinook,,,Single Run
Gisasa River Escapement,,,2018,06/14,Gisasa River,Chinook,,,Single Run
Gisasa River Escapement,,,2018,06/15,Gisasa River,Chinook,,,Single Run
Gisasa River Escapement,,,2018,06/16,Gisasa River,Chinook,,,Single Run
Gisasa River Escapement,,,2018,06/17,Gisasa River,Chinook,,,Single Run
Gisasa River Escapement,,,2018,06/18,Gisasa River,Chinook,,,Single Run
Gisasa River Escapement,,,2018,06/19,Gisasa River,Chinook,,,Single Run
Gisasa River Escapement,,,2018,06/20,Gisasa River,Chinook,,,Single Run
Gisasa River Escapement,,,2018,06/21,Gisasa River,Chinook,,,Single Run
Gisasa River Escapement,,,2018,06/22,Gisasa River,Chinook,,,Single Run
Gisasa River Escapement,,,2018,06/23,Gisasa River,Chinook,,,Single Run
Gisasa River Escapement,,,2018,06/24,Gisasa River,Chinook,,,Single Run
Gisasa River Escapement,,,2018,06/25,Gisasa River,Chinook,,,Single Run
Gisasa River Escapement,,,2018,06/26,Gisasa River,Chinook,,,Single Run
Gisasa River Escapement,,,2018,06/27,Gisasa River,Chinook,,,Single Run
Gisasa River Escapement,,,2018,06/28,Gisasa River,Chinook,,,Single Run
Gisasa River Escapement,,,2018,06/29,Gisasa River,Chinook,,,Single Run
Gisasa River Escapement,,,2018,06/30,Gisasa River,Chinook,,,Single Run
Gisasa River Escapement,,,2018,07/01,Gisasa River,Chinook,,,Single Run
Gisasa River Escapement,,,2018,07/02,Gisasa River,Chinook,,,Single Run
Gisasa River Escapement,,,2018,07/03,Gisasa River,Chinook,,,Single Run
Gisasa River Escapement,,,2018,07/04,Gisasa River,Chinook,,,Single Run
Gisasa River Escapement,,,2018,07/05,Gisasa River,Chinook,,,Single Run
Gisasa River Escapement,,,2018,07/06,Gisasa River,Chinook,,,Single Run
Gisasa River Escapement,,,2018,07/07,Gisasa River,Chinook,,,Single Run
Gisasa River Escapement,,,2018,07/08,Gisasa River,Chinook,,,Single Run
Gisasa River Escapement,,,2018,07/09,Gisasa River,Chinook,,,Single Run
Gisasa River Escapement,,,2018,07/10,Gisasa River,Chinook,,,Single Run
Gisasa River Escapement,,,2018,07/11,Gisasa River,Chinook,,,Single Run
Gisasa River Escapement,,,2018,07/12,Gisasa River,Chinook,,,Single Run
Gisasa River Escapement,,,2018,07/13,Gisasa River,Chinook,,,Single Run
Gisasa River Escapement,,,2018,07/14,Gisasa River,Chinook,,,Single Run
Gisasa River Escapement,,,2018,07/15,Gisasa River,Chinook,,,Single Run
Gisasa River Escapement,,,2018,07/16,Gisasa River,Chinook,,,Single Run
Gisasa River Escapement,,,2018,07/17,Gisasa River,Chinook,,,Single Run
Gisasa River Escapement,,,2018,07/18,Gisasa River,Chinook,,,Single Run
Gisasa River Escapement,,,2018,07/19,Gisasa River,Chinook,,,Single Run
Gisasa River Escapement,,,2018,07/20,Gisasa River,Chinook,,,Single Run
Gisasa River Escapement,,,2018,07/21,Gisasa River,Chinook,,,Single Run
Gisasa River Escapement,,,2018,07/22,Gisasa River,Chinook,,,Single Run
Gisasa River Escapement,,,2018,07/23,Gisasa River,Chinook,,,Single Run
Gisasa River Escapement,,,2018,07/24,Gisasa River,Chinook,,,Single Run
Gisasa River Escapement,,,2018,07/25,Gisasa River,Chinook,,,Single Run
Gisasa River Escapement,,,2018,07/26,Gisasa River,Chinook,,,Single Run
Gisasa River Escapement,,,2018,07/27,Gisasa River,Chinook,,,Single Run
Gisasa River Escapement,,,2018,07/28,Gisasa River,Chinook,,,Single Run
Gisasa River Escapement,,,2018,07/29,Gisasa River,Chinook,,,Single Run
Gisasa River Escapement,,,2018,07/30,Gisasa River,Chinook,,,Single Run
Gisasa River Escapement,,,2018,07/31,Gisasa River,Chinook,,,Single Run
Gisasa River Escapement,,,2018,08/01,Gisasa River,Chinook,,,Single Run
Gisasa River Escapement,,,2018,08/02,Gisasa River,Chinook,,,Single Run
Gisasa River Escapement,,,2018,08/03,Gisasa River,Chinook,,,Single Run
Gisasa River Escapement,,,2018,08/04,Gisasa River,Chinook,,,Single Run
Gisasa River Escapement,,,2018,08/05,Gisasa River,Chinook,,,Single Run
Gisasa River Escapement,,,2018,08/06,Gisasa River,Chinook,,,Single Run
Gisasa River Escapement,,,2018,08/07,Gisasa River,Chinook,,,Single Run
Gisasa River Escapement,,,2018,08/08,Gisasa River,Chinook,,,Single Run
Gisasa River Escapement,,,2019,06/14,Gisasa River,Chinook,,,Single Run
Gisasa River Escapement,,,2019,06/15,Gisasa River,Chinook,,,Single Run
Gisasa River Escapement,,,2019,06/16,Gisasa River,Chinook,,,Single Run
Gisasa River Escapement,,,2019,06/17,Gisasa River,Chinook,,,Single Run
Gisasa River Escapement,,,2019,06/18,Gisasa River,Chinook,,,Single Run
Gisasa River Escapement,,,2019,06/19,Gisasa River,Chinook,,,Single Run
Gisasa River Escapement,,,2019,06/20,Gisasa River,Chinook,,,Single Run
Gisasa River Escapement,,,2019,06/21,Gisasa River,Chinook,,,Single Run
Gisasa River Escapement,,,2019,06/22,Gisasa River,Chinook,,,Single Run
Gisasa River Escapement,,,2019,06/23,Gisasa River,Chinook,,,Single Run
Gisasa River Escapement,,,2019,06/24,Gisasa River,Chinook,,,Single Run
Gisasa River Escapement,,,2019,06/25,Gisasa River,Chinook,,,Single Run
Gisasa River Escapement,,,2019,06/26,Gisasa River,Chinook,,,Single Run
Gisasa River Escapement,,,2019,06/27,Gisasa River,Chinook,,,Single Run
Gisasa River Escapement,,,2019,06/28,Gisasa River,Chinook,,,Single Run
Gisasa River Escapement,,,2019,06/29,Gisasa River,Chinook,,,Single Run
Gisasa River Escapement,,,2019,06/30,Gisasa River,Chinook,,,Single Run
Gisasa River Escapement,,,2019,07/01,Gisasa River,Chinook,,,Single Run
Gisasa River Escapement,,,2019,07/02,Gisasa River,Chinook,0,0,Single Run
Gisasa River Escapement,,,2019,07/03,Gisasa River,Chinook,7,7,Single Run
Gisasa River Escapement,,,2019,07/04,Gisasa River,Chinook,19,19,Single Run
Gisasa River Escapement,,,2019,07/05,Gisasa River,Chinook,33,33,Single Run
Gisasa River Escapement,,,2019,07/06,Gisasa River,Chinook,27,27,Single Run
Gisasa River Escapement,,,2019,07/07,Gisasa River,Chinook,47,47,Single Run
Gisasa River Escapement,,,2019,07/08,Gisasa River,Chinook,49,49,Single Run
Gisasa River Escapement,,,2019,07/09,Gisasa River,Chinook,63,63,Single Run
Gisasa River Escapement,,,2019,07/10,Gisasa River,Chinook,80,80,Single Run
Gisasa River Escapement,,,2019,07/11,Gisasa River,Chinook,83,83,Single Run
Gisasa River Escapement,,,2019,07/12,Gisasa River,Chinook,90,90,Single Run
Gisasa River Escapement,,,2019,07/13,Gisasa River,Chinook,105,105,Single Run
Gisasa River Escapement,,,2019,07/14,Gisasa River,Chinook,111,111,Single Run
Gisasa River Escapement,,,2019,07/15,Gisasa River,Chinook,86,86,Single Run
Gisasa River Escapement,,,2019,07/16,Gisasa River,Chinook,81,81,Single Run
Gisasa River Escapement,,,2019,07/17,Gisasa River,Chinook,84,84,Single Run
Gisasa River Escapement,,,2019,07/18,Gisasa River,Chinook,70,70,Single Run
Gisasa River Escapement,,,2019,07/19,Gisasa River,Chinook,41,41,Single Run
Gisasa River Escapement,,,2019,07/20,Gisasa River,Chinook,33,33,Single Run
Gisasa River Escapement,,,2019,07/21,Gisasa River,Chinook,36,36,Single Run
Gisasa River Escapement,,,2019,07/22,Gisasa River,Chinook,42,42,Single Run
Gisasa River Escapement,,,2019,07/23,Gisasa River,Chinook,25,25,Single Run
Gisasa River Escapement,,,2019,07/24,Gisasa River,Chinook,31,31,Single Run
Gisasa River Escapement,,,2019,07/25,Gisasa River,Chinook,30,30,Single Run
Gisasa River Escapement,,,2019,07/26,Gisasa River,Chinook,13,13,Single Run
Gisasa River Escapement,,,2019,07/27,Gisasa River,Chinook,14,14,Single Run
Gisasa River Escapement,,,2019,07/28,Gisasa River,Chinook,15,15,Single Run
Gisasa River Escapement,,,2019,07/29,Gisasa River,Chinook,7,7,Single Run
Gisasa River Escapement,,,2019,07/30,Gisasa River,Chinook,6,6,Single Run
Gisasa River Escapement,,,2019,07/31,Gisasa River,Chinook,,,Single Run
Gisasa River Escapement,,,2019,08/01,Gisasa River,Chinook,,,Single Run
Gisasa River Escapement,,,2019,08/02,Gisasa River,Chinook,,,Single Run
Gisasa River Escapement,,,2019,08/03,Gisasa River,Chinook,,,Single Run
Gisasa River Escapement,,,2019,08/04,Gisasa River,Chinook,,,Single Run
Gisasa River Escapement,,,2019,08/05,Gisasa River,Chinook,,,Single Run
Gisasa River Escapement,,,2019,08/06,Gisasa River,Chinook,,,Single Run
Gisasa River Escapement,,,2019,08/07,Gisasa River,Chinook,,,Single Run
Gisasa River Escapement,,,2019,08/08,Gisasa River,Chinook,,,Single Run
Gisasa River Escapement,,,2022,06/14,Gisasa River,Chinook,,,Single Run
Gisasa River Escapement,,,2022,06/15,Gisasa River,Chinook,,,Single Run
Gisasa River Escapement,,,2022,06/16,Gisasa River,Chinook,,,Single Run
Gisasa River Escapement,,,2022,06/17,Gisasa River,Chinook,,,Single Run
Gisasa River Escapement,,,2022,06/18,Gisasa River,Chinook,,,Single Run
Gisasa River Escapement,,,2022,06/19,Gisasa River,Chinook,,,Single Run
Gisasa River Escapement,,,2022,06/20,Gisasa River,Chinook,,,Single Run
Gisasa River Escapement,,,2022,06/21,Gisasa River,Chinook,,,Single Run
Gisasa River Escapement,,,2022,06/22,Gisasa River,Chinook,,,Single Run
Gisasa River Escapement,,,2022,06/23,Gisasa River,Chinook,,,Single Run
Gisasa River Escapement,,,2022,06/24,Gisasa River,Chinook,,,Single Run
Gisasa River Escapement,,,2022,06/25,Gisasa River,Chinook,,,Single Run
Gisasa River Escapement,,,2022,06/26,Gisasa River,Chinook,,,Single Run
Gisasa River Escapement,,,2022,06/27,Gisasa River,Chinook,,,Single Run
Gisasa River Escapement,,,2022,06/28,Gisasa River,Chinook,,,Single Run
Gisasa River Escapement,,,2022,06/29,Gisasa River,Chinook,,,Single Run
Gisasa River Escapement,,,2022,06/30,Gisasa River,Chinook,1,1,Single Run
Gisasa River Escapement,,,2022,07/01,Gisasa River,Chinook,0,0,Single Run
Gisasa River Escapement,,,2022,07/02,Gisasa River,Chinook,0,0,Single Run
Gisasa River Escapement,,,2022,07/03,Gisasa River,Chinook,0,0,Single Run
Gisasa River Escapement,,,2022,07/04,Gisasa River,Chinook,2,2,Single Run
Gisasa River Escapement,,,2022,07/05,Gisasa River,Chinook,2,2,Single Run
Gisasa River Escapement,,,2022,07/06,Gisasa River,Chinook,3,3,Single Run
Gisasa River Escapement,,,2022,07/07,Gisasa River,Chinook,12,12,Single Run
Gisasa River Escapement,,,2022,07/08,Gisasa River,Chinook,12,12,Single Run
Gisasa River Escapement,,,2022,07/09,Gisasa River,Chinook,8,8,Single Run
Gisasa River Escapement,,,2022,07/10,Gisasa River,Chinook,15,15,Single Run
Gisasa River Escapement,,,2022,07/11,Gisasa River,Chinook,42,42,Single Run
Gisasa River Escapement,,,2022,07/12,Gisasa River,Chinook,23,23,Single Run
Gisasa River Escapement,,,2022,07/13,Gisasa River,Chinook,19,19,Single Run
Gisasa River Escapement,,,2022,07/14,Gisasa River,Chinook,29,29,Single Run
Gisasa River Escapement,,,2022,07/15,Gisasa River,Chinook,16,16,Single Run
Gisasa River Escapement,,,2022,07/16,Gisasa River,Chinook,23,23,Single Run
Gisasa River Escapement,,,2022,07/17,Gisasa River,Chinook,30,30,Single Run
Gisasa River Escapement,,,2022,07/18,Gisasa River,Chinook,51,51,Single Run
Gisasa River Escapement,,,2022,07/19,Gisasa River,Chinook,6,6,Single Run
Gisasa River Escapement,,,2022,07/20,Gisasa River,Chinook,10,10,Single Run
Gisasa River Escapement,,,2022,07/21,Gisasa River,Chinook,71,71,Single Run
Gisasa River Escapement,,,2022,07/22,Gisasa River,Chinook,35,35,Single Run
Gisasa River Escapement,,,2022,07/23,Gisasa River,Chinook,11,11,Single Run
Gisasa River Escapement,,,2022,07/24,Gisasa River,Chinook,7,7,Single Run
Gisasa River Escapement,,,2022,07/25,Gisasa River,Chinook,21,21,Single Run
Gisasa River Escapement,,,2022,07/26,Gisasa River,Chinook,30,30,Single Run
Gisasa River Escapement,,,2022,07/27,Gisasa River,Chinook,8,8,Single Run
Gisasa River Escapement,,,2022,07/28,Gisasa River,Chinook,8,8,Single Run
Gisasa River Escapement,,,2022,07/29,Gisasa River,Chinook,8,8,Single Run
Gisasa River Escapement,,,2022,07/30,Gisasa River,Chinook,,,Single Run
Gisasa River Escapement,,,2022,07/31,Gisasa River,Chinook,,,Single Run
Gisasa River Escapement,,,2022,08/01,Gisasa River,Chinook,,,Single Run
Gisasa River Escapement,,,2022,08/02,Gisasa River,Chinook,,,Single Run
Gisasa River Escapement,,,2022,08/03,Gisasa River,Chinook,,,Single Run
Gisasa River Escapement,,,2022,08/04,Gisasa River,Chinook,,,Single Run
Gisasa River Escapement,,,2022,08/05,Gisasa River,Chinook,,,Single Run
Gisasa River Escapement,,,2022,08/06,Gisasa River,Chinook,,,Single Run
Gisasa River Escapement,,,2022,08/07,Gisasa River,Chinook,,,Single Run
Gisasa River Escapement,,,2022,08/08,Gisasa River,Chinook,,,Single Run